Qual,Mark_In,Centre,PA_Flag,Awarding,percent_Marked_IPA,percent_Marked_EPA,date,dup,level,marked_prediction,pred_dif_tot,pred_dif_pc,level_code
1114,4,4,4,01/07/2019,100,100,20/05/2019,0,GCE,1,3,75,2
1114,4,4,4,01/07/2019,100,100,21/05/2019,0,GCE,1,3,75,2
1114,4,4,4,01/07/2019,100,100,22/05/2019,0,GCE,1,3,75,2
1114,4,4,4,01/07/2019,100,100,23/05/2019,0,GCE,1,3,75,2
1114,4,4,4,01/07/2019,100,100,24/05/2019,0,GCE,1,3,75,2
1114,4,4,4,01/07/2019,100,100,29/05/2019,0,GCE,1,3,75,2
1114,4,4,4,01/07/2019,100,100,30/05/2019,0,GCE,2,2,50,2
1114,4,4,4,01/07/2019,100,100,31/05/2019,0,GCE,2,2,50,2
1114,4,4,4,01/07/2019,100,100,03/06/2019,0,GCE,2,2,50,2
1114,4,4,4,01/07/2019,100,100,04/06/2019,0,GCE,2,2,50,2
1181,2,2,2,,100,100,20/05/2019,0,GCE,2,0,0,2
1181,2,2,2,,100,100,21/05/2019,0,GCE,2,0,0,2
1181,2,2,2,,100,100,22/05/2019,0,GCE,2,0,0,2
1181,2,2,2,,100,100,23/05/2019,0,GCE,2,0,0,2
1181,2,2,2,,100,100,24/05/2019,0,GCE,2,0,0,2
1181,2,2,2,,100,100,29/05/2019,0,GCE,2,0,0,2
1181,2,2,2,,100,100,30/05/2019,0,GCE,2,0,0,2
1181,2,2,2,,100,100,31/05/2019,0,GCE,2,0,0,2
1181,2,2,2,,100,100,03/06/2019,0,GCE,2,0,0,2
1181,2,2,2,,100,100,04/06/2019,0,GCE,2,0,0,2
1183,3,3,3,01/07/2019,100,100,20/05/2019,0,GCE,0,3,100,2
1183,3,3,3,01/07/2019,100,100,21/05/2019,0,GCE,1,2,66.666664,2
1183,3,3,3,01/07/2019,100,100,22/05/2019,0,GCE,1,2,66.666664,2
1183,3,3,3,01/07/2019,100,100,23/05/2019,0,GCE,1,2,66.666664,2
1183,3,3,3,01/07/2019,100,100,24/05/2019,0,GCE,1,2,66.666664,2
1183,3,3,3,01/07/2019,100,100,29/05/2019,0,GCE,1,2,66.666664,2
1183,3,3,3,01/07/2019,100,100,30/05/2019,0,GCE,1,2,66.666664,2
1183,3,3,3,01/07/2019,100,100,31/05/2019,0,GCE,1,2,66.666664,2
1183,3,3,3,01/07/2019,100,100,03/06/2019,0,GCE,1,2,66.666664,2
1183,3,3,3,01/07/2019,100,100,04/06/2019,0,GCE,1,2,66.666664,2
1242,2,2,2,,100,100,20/05/2019,0,GCE,2,0,0,2
1242,2,2,2,,100,100,21/05/2019,0,GCE,2,0,0,2
1242,2,2,2,,100,100,22/05/2019,0,GCE,2,0,0,2
1242,2,2,2,,100,100,23/05/2019,0,GCE,2,0,0,2
1242,2,2,2,,100,100,24/05/2019,0,GCE,2,0,0,2
1242,2,2,2,,100,100,29/05/2019,0,GCE,2,0,0,2
1242,2,2,2,,100,100,30/05/2019,0,GCE,2,0,0,2
1242,2,2,2,,100,100,31/05/2019,0,GCE,2,0,0,2
1242,2,2,2,,100,100,03/06/2019,0,GCE,2,0,0,2
1242,2,2,2,,100,100,04/06/2019,0,GCE,2,0,0,2
1244,2,2,2,28/06/2019,100,100,20/05/2019,0,GCE,0,2,100,2
1244,2,2,2,28/06/2019,100,100,21/05/2019,0,GCE,0,2,100,2
1244,2,2,2,28/06/2019,100,100,22/05/2019,0,GCE,1,1,50,2
1244,2,2,2,28/06/2019,100,100,23/05/2019,0,GCE,1,1,50,2
1244,2,2,2,28/06/2019,100,100,24/05/2019,0,GCE,1,1,50,2
1244,2,2,2,28/06/2019,100,100,29/05/2019,0,GCE,1,1,50,2
1244,2,2,2,28/06/2019,100,100,30/05/2019,0,GCE,1,1,50,2
1244,2,2,2,28/06/2019,100,100,31/05/2019,0,GCE,1,1,50,2
1244,2,2,2,28/06/2019,100,100,03/06/2019,0,GCE,1,1,50,2
1244,2,2,2,28/06/2019,100,100,04/06/2019,0,GCE,1,1,50,2
1292,3,3,3,,100,100,20/05/2019,0,GCE,3,0,0,2
1292,3,3,3,,100,100,21/05/2019,0,GCE,3,0,0,2
1292,3,3,3,,100,100,22/05/2019,0,GCE,3,0,0,2
1292,3,3,3,,100,100,23/05/2019,0,GCE,3,0,0,2
1292,3,3,3,,100,100,24/05/2019,0,GCE,3,0,0,2
1292,3,3,3,,100,100,29/05/2019,0,GCE,3,0,0,2
1292,3,3,3,,100,100,30/05/2019,0,GCE,3,0,0,2
1292,3,3,3,,100,100,31/05/2019,0,GCE,3,0,0,2
1292,3,3,3,,100,100,03/06/2019,0,GCE,3,0,0,2
1292,3,3,3,,100,100,04/06/2019,0,GCE,3,0,0,2
1293,8,8,8,04/07/2019,100,100,20/05/2019,0,GCE,1,7,87.5,2
1293,8,8,8,04/07/2019,100,100,21/05/2019,0,GCE,1,7,87.5,2
1293,8,8,8,04/07/2019,100,100,22/05/2019,0,GCE,1,7,87.5,2
1293,8,8,8,04/07/2019,100,100,23/05/2019,0,GCE,1,7,87.5,2
1293,8,8,8,04/07/2019,100,100,24/05/2019,0,GCE,1,7,87.5,2
1293,8,8,8,04/07/2019,100,100,29/05/2019,0,GCE,2,6,75,2
1293,8,8,8,04/07/2019,100,100,30/05/2019,0,GCE,2,6,75,2
1293,8,8,8,04/07/2019,100,100,31/05/2019,0,GCE,3,5,62.5,2
1293,8,8,8,04/07/2019,100,100,03/06/2019,0,GCE,3,5,62.5,2
1293,8,8,8,04/07/2019,100,100,04/06/2019,0,GCE,3,5,62.5,2
1622,656,656,656,,100,100,20/05/2019,0,GCE,656,0,0,2
1622,656,656,656,,100,100,21/05/2019,0,GCE,656,0,0,2
1622,656,656,656,,100,100,22/05/2019,0,GCE,656,0,0,2
1622,656,656,656,,100,100,23/05/2019,0,GCE,656,0,0,2
1622,656,656,656,,100,100,24/05/2019,0,GCE,656,0,0,2
1622,656,656,656,,100,100,29/05/2019,0,GCE,656,0,0,2
1622,656,656,656,,100,100,30/05/2019,0,GCE,656,0,0,2
1622,656,656,656,,100,100,31/05/2019,0,GCE,656,0,0,2
1622,656,656,656,,100,100,03/06/2019,0,GCE,656,0,0,2
1622,656,656,656,,100,100,04/06/2019,0,GCE,656,0,0,2
1623,53,53,53,,100,100,20/05/2019,0,GCE,53,0,0,2
1623,53,53,53,,100,100,21/05/2019,0,GCE,53,0,0,2
1623,53,53,53,,100,100,22/05/2019,0,GCE,53,0,0,2
1623,53,53,53,,100,100,23/05/2019,0,GCE,53,0,0,2
1623,53,53,53,,100,100,24/05/2019,0,GCE,53,0,0,2
1623,53,53,53,,100,100,29/05/2019,0,GCE,53,0,0,2
1623,53,53,53,,100,100,30/05/2019,0,GCE,53,0,0,2
1623,53,53,53,,100,100,31/05/2019,0,GCE,53,0,0,2
1623,53,53,53,,100,100,03/06/2019,0,GCE,53,0,0,2
1623,53,53,53,,100,100,04/06/2019,0,GCE,53,0,0,2
1624,28,28,28,,100,100,20/05/2019,0,GCE,28,0,0,2
1624,28,28,28,,100,100,21/05/2019,0,GCE,28,0,0,2
1624,28,28,28,,100,100,22/05/2019,0,GCE,28,0,0,2
1624,28,28,28,,100,100,23/05/2019,0,GCE,28,0,0,2
1624,28,28,28,,100,100,24/05/2019,0,GCE,28,0,0,2
1624,28,28,28,,100,100,29/05/2019,0,GCE,28,0,0,2
1624,28,28,28,,100,100,30/05/2019,0,GCE,28,0,0,2
1624,28,28,28,,100,100,31/05/2019,0,GCE,28,0,0,2
1624,28,28,28,,100,100,03/06/2019,0,GCE,28,0,0,2
1624,28,28,28,,100,100,04/06/2019,0,GCE,28,0,0,2
1629,253,253,253,,100,100,20/05/2019,0,GCE,253,0,0,2
1629,253,253,253,,100,100,21/05/2019,0,GCE,253,0,0,2
1629,253,253,253,,100,100,22/05/2019,0,GCE,253,0,0,2
1629,253,253,253,,100,100,23/05/2019,0,GCE,253,0,0,2
1629,253,253,253,,100,100,24/05/2019,0,GCE,253,0,0,2
1629,253,253,253,,100,100,29/05/2019,0,GCE,253,0,0,2
1629,253,253,253,,100,100,30/05/2019,0,GCE,253,0,0,2
1629,253,253,253,,100,100,31/05/2019,0,GCE,253,0,0,2
1629,253,253,253,,100,100,03/06/2019,0,GCE,253,0,0,2
1629,253,253,253,,100,100,04/06/2019,0,GCE,253,0,0,2
1630,70,70,70,,100,100,20/05/2019,0,GCE,70,0,0,2
1630,70,70,70,,100,100,21/05/2019,0,GCE,70,0,0,2
1630,70,70,70,,100,100,22/05/2019,0,GCE,70,0,0,2
1630,70,70,70,,100,100,23/05/2019,0,GCE,70,0,0,2
1630,70,70,70,,100,100,24/05/2019,0,GCE,70,0,0,2
1630,70,70,70,,100,100,29/05/2019,0,GCE,70,0,0,2
1630,70,70,70,,100,100,30/05/2019,0,GCE,70,0,0,2
1630,70,70,70,,100,100,31/05/2019,0,GCE,70,0,0,2
1630,70,70,70,,100,100,03/06/2019,0,GCE,70,0,0,2
1630,70,70,70,,100,100,04/06/2019,0,GCE,70,0,0,2
1631,32,32,32,,100,100,20/05/2019,0,GCE,32,0,0,2
1631,32,32,32,,100,100,21/05/2019,0,GCE,32,0,0,2
1631,32,32,32,,100,100,22/05/2019,0,GCE,32,0,0,2
1631,32,32,32,,100,100,23/05/2019,0,GCE,32,0,0,2
1631,32,32,32,,100,100,24/05/2019,0,GCE,32,0,0,2
1631,32,32,32,,100,100,29/05/2019,0,GCE,32,0,0,2
1631,32,32,32,,100,100,30/05/2019,0,GCE,32,0,0,2
1631,32,32,32,,100,100,31/05/2019,0,GCE,32,0,0,2
1631,32,32,32,,100,100,03/06/2019,0,GCE,32,0,0,2
1631,32,32,32,,100,100,04/06/2019,0,GCE,32,0,0,2
1632,103,103,103,,100,100,20/05/2019,0,GCE,103,0,0,2
1632,103,103,103,,100,100,21/05/2019,0,GCE,103,0,0,2
1632,103,103,103,,100,100,22/05/2019,0,GCE,103,0,0,2
1632,103,103,103,,100,100,23/05/2019,0,GCE,103,0,0,2
1632,103,103,103,,100,100,24/05/2019,0,GCE,103,0,0,2
1632,103,103,103,,100,100,29/05/2019,0,GCE,103,0,0,2
1632,103,103,103,,100,100,30/05/2019,0,GCE,103,0,0,2
1632,103,103,103,,100,100,31/05/2019,0,GCE,103,0,0,2
1632,103,103,103,,100,100,03/06/2019,0,GCE,103,0,0,2
1632,103,103,103,,100,100,04/06/2019,0,GCE,103,0,0,2
1682,4,4,4,,100,100,20/05/2019,0,GCE,4,0,0,2
1682,4,4,4,,100,100,21/05/2019,0,GCE,4,0,0,2
1682,4,4,4,,100,100,22/05/2019,0,GCE,4,0,0,2
1682,4,4,4,,100,100,23/05/2019,0,GCE,4,0,0,2
1682,4,4,4,,100,100,24/05/2019,0,GCE,4,0,0,2
1682,4,4,4,,100,100,29/05/2019,0,GCE,4,0,0,2
1682,4,4,4,,100,100,30/05/2019,0,GCE,4,0,0,2
1682,4,4,4,,100,100,31/05/2019,0,GCE,4,0,0,2
1682,4,4,4,,100,100,03/06/2019,0,GCE,4,0,0,2
1682,4,4,4,,100,100,04/06/2019,0,GCE,4,0,0,2
1688,7,7,7,,100,100,20/05/2019,0,GCE,7,0,0,2
1688,7,7,7,,100,100,21/05/2019,0,GCE,7,0,0,2
1688,7,7,7,,100,100,22/05/2019,0,GCE,7,0,0,2
1688,7,7,7,,100,100,23/05/2019,0,GCE,7,0,0,2
1688,7,7,7,,100,100,24/05/2019,0,GCE,7,0,0,2
1688,7,7,7,,100,100,29/05/2019,0,GCE,7,0,0,2
1688,7,7,7,,100,100,30/05/2019,0,GCE,7,0,0,2
1688,7,7,7,,100,100,31/05/2019,0,GCE,7,0,0,2
1688,7,7,7,,100,100,03/06/2019,0,GCE,7,0,0,2
1688,7,7,7,,100,100,04/06/2019,0,GCE,7,0,0,2
2006,140,140,140,,100,100,20/05/2019,0,GCE,140,0,0,2
2006,140,140,140,,100,100,21/05/2019,0,GCE,140,0,0,2
2006,140,140,140,,100,100,22/05/2019,0,GCE,140,0,0,2
2006,140,140,140,,100,100,23/05/2019,0,GCE,140,0,0,2
2006,140,140,140,,100,100,24/05/2019,0,GCE,140,0,0,2
2006,140,140,140,,100,100,29/05/2019,0,GCE,140,0,0,2
2006,140,140,140,,100,100,30/05/2019,0,GCE,140,0,0,2
2006,140,140,140,,100,100,31/05/2019,0,GCE,140,0,0,2
2006,140,140,140,,100,100,03/06/2019,0,GCE,140,0,0,2
2006,140,140,140,,100,100,04/06/2019,0,GCE,140,0,0,2
2025,134,134,134,,100,100,20/05/2019,0,GCE,134,0,0,2
2025,134,134,134,,100,100,21/05/2019,0,GCE,134,0,0,2
2025,134,134,134,,100,100,22/05/2019,0,GCE,134,0,0,2
2025,134,134,134,,100,100,23/05/2019,0,GCE,134,0,0,2
2025,134,134,134,,100,100,24/05/2019,0,GCE,134,0,0,2
2025,134,134,134,,100,100,29/05/2019,0,GCE,134,0,0,2
2025,134,134,134,,100,100,30/05/2019,0,GCE,134,0,0,2
2025,134,134,134,,100,100,31/05/2019,0,GCE,134,0,0,2
2025,134,134,134,,100,100,03/06/2019,0,GCE,134,0,0,2
2025,134,134,134,,100,100,04/06/2019,0,GCE,134,0,0,2
2026,213,213,213,,100,100,20/05/2019,0,GCE,213,0,0,2
2026,213,213,213,,100,100,21/05/2019,0,GCE,213,0,0,2
2026,213,213,213,,100,100,22/05/2019,0,GCE,213,0,0,2
2026,213,213,213,,100,100,23/05/2019,0,GCE,213,0,0,2
2026,213,213,213,,100,100,24/05/2019,0,GCE,213,0,0,2
2026,213,213,213,,100,100,29/05/2019,0,GCE,213,0,0,2
2026,213,213,213,,100,100,30/05/2019,0,GCE,213,0,0,2
2026,213,213,213,,100,100,31/05/2019,0,GCE,213,0,0,2
2026,213,213,213,,100,100,03/06/2019,0,GCE,213,0,0,2
2026,213,213,213,,100,100,04/06/2019,0,GCE,213,0,0,2
2106,1,1,1,,100,100,20/05/2019,0,GCE,1,0,0,2
2106,1,1,1,,100,100,21/05/2019,0,GCE,1,0,0,2
2106,1,1,1,,100,100,22/05/2019,0,GCE,1,0,0,2
2106,1,1,1,,100,100,23/05/2019,0,GCE,1,0,0,2
2106,1,1,1,,100,100,24/05/2019,0,GCE,1,0,0,2
2106,1,1,1,,100,100,29/05/2019,0,GCE,1,0,0,2
2106,1,1,1,,100,100,30/05/2019,0,GCE,1,0,0,2
2106,1,1,1,,100,100,31/05/2019,0,GCE,1,0,0,2
2106,1,1,1,,100,100,03/06/2019,0,GCE,1,0,0,2
2106,1,1,1,,100,100,04/06/2019,0,GCE,1,0,0,2
2109,2223,2223,2223,23/07/2019,100,100,20/05/2019,0,GCE,0,2223,100,2
2109,2223,2223,2223,23/07/2019,100,100,21/05/2019,0,GCE,0,2223,100,2
2109,2223,2223,2223,23/07/2019,100,100,22/05/2019,0,GCE,0,2223,100,2
2109,2223,2223,2223,23/07/2019,100,100,23/05/2019,0,GCE,0,2223,100,2
2109,2223,2223,2223,23/07/2019,100,100,24/05/2019,0,GCE,0,2223,100,2
2109,2223,2223,2223,23/07/2019,100,100,29/05/2019,0,GCE,0,2223,100,2
2109,2223,2223,2223,23/07/2019,100,100,30/05/2019,0,GCE,0,2223,100,2
2109,2223,2223,2223,23/07/2019,100,100,31/05/2019,0,GCE,0,2223,100,2
2109,2223,2223,2223,23/07/2019,100,100,03/06/2019,0,GCE,0,2223,100,2
2109,2223,2223,2223,23/07/2019,100,100,04/06/2019,0,GCE,0,2223,100,2
2119,1249,1249,1249,25/07/2019,100,100,20/05/2019,0,GCE,0,1249,100,2
2119,1249,1249,1249,25/07/2019,100,100,21/05/2019,0,GCE,0,1249,100,2
2119,1249,1249,1249,25/07/2019,100,100,22/05/2019,0,GCE,0,1249,100,2
2119,1249,1249,1249,25/07/2019,100,100,23/05/2019,0,GCE,0,1249,100,2
2119,1249,1249,1249,25/07/2019,100,100,24/05/2019,0,GCE,0,1249,100,2
2119,1249,1249,1249,25/07/2019,100,100,29/05/2019,0,GCE,0,1249,100,2
2119,1249,1249,1249,25/07/2019,100,100,30/05/2019,0,GCE,0,1249,100,2
2119,1249,1249,1249,25/07/2019,100,100,31/05/2019,0,GCE,0,1249,100,2
2119,1249,1249,1249,25/07/2019,100,100,03/06/2019,0,GCE,0,1249,100,2
2119,1249,1249,1249,25/07/2019,100,100,04/06/2019,0,GCE,0,1249,100,2
2127,1,1,1,25/07/2019,100,100,20/05/2019,0,GCE,0,1,100,2
2127,1,1,1,25/07/2019,100,100,21/05/2019,0,GCE,0,1,100,2
2127,1,1,1,25/07/2019,100,100,22/05/2019,0,GCE,0,1,100,2
2127,1,1,1,25/07/2019,100,100,23/05/2019,0,GCE,0,1,100,2
2127,1,1,1,25/07/2019,100,100,24/05/2019,0,GCE,0,1,100,2
2127,1,1,1,25/07/2019,100,100,29/05/2019,0,GCE,0,1,100,2
2127,1,1,1,25/07/2019,100,100,30/05/2019,0,GCE,0,1,100,2
2127,1,1,1,25/07/2019,100,100,31/05/2019,0,GCE,0,1,100,2
2127,1,1,1,25/07/2019,100,100,03/06/2019,0,GCE,0,1,100,2
2127,1,1,1,25/07/2019,100,100,04/06/2019,0,GCE,0,1,100,2
2128,1,1,1,25/07/2019,100,100,20/05/2019,0,GCE,0,1,100,2
2128,1,1,1,25/07/2019,100,100,21/05/2019,0,GCE,0,1,100,2
2128,1,1,1,25/07/2019,100,100,22/05/2019,0,GCE,0,1,100,2
2128,1,1,1,25/07/2019,100,100,23/05/2019,0,GCE,0,1,100,2
2128,1,1,1,25/07/2019,100,100,24/05/2019,0,GCE,0,1,100,2
2128,1,1,1,25/07/2019,100,100,29/05/2019,0,GCE,0,1,100,2
2128,1,1,1,25/07/2019,100,100,30/05/2019,0,GCE,0,1,100,2
2128,1,1,1,25/07/2019,100,100,31/05/2019,0,GCE,0,1,100,2
2128,1,1,1,25/07/2019,100,100,03/06/2019,0,GCE,0,1,100,2
2128,1,1,1,25/07/2019,100,100,04/06/2019,0,GCE,0,1,100,2
2129,1,1,1,25/07/2019,100,100,20/05/2019,0,GCE,0,1,100,2
2129,1,1,1,25/07/2019,100,100,21/05/2019,0,GCE,0,1,100,2
2129,1,1,1,25/07/2019,100,100,22/05/2019,0,GCE,0,1,100,2
2129,1,1,1,25/07/2019,100,100,23/05/2019,0,GCE,0,1,100,2
2129,1,1,1,25/07/2019,100,100,24/05/2019,0,GCE,0,1,100,2
2129,1,1,1,25/07/2019,100,100,29/05/2019,0,GCE,0,1,100,2
2129,1,1,1,25/07/2019,100,100,30/05/2019,0,GCE,0,1,100,2
2129,1,1,1,25/07/2019,100,100,31/05/2019,0,GCE,0,1,100,2
2129,1,1,1,25/07/2019,100,100,03/06/2019,0,GCE,0,1,100,2
2129,1,1,1,25/07/2019,100,100,04/06/2019,0,GCE,0,1,100,2
2205,1,1,1,,100,100,20/05/2019,0,GCE,1,0,0,2
2205,1,1,1,,100,100,21/05/2019,0,GCE,1,0,0,2
2205,1,1,1,,100,100,22/05/2019,0,GCE,1,0,0,2
2205,1,1,1,,100,100,23/05/2019,0,GCE,1,0,0,2
2205,1,1,1,,100,100,24/05/2019,0,GCE,1,0,0,2
2205,1,1,1,,100,100,29/05/2019,0,GCE,1,0,0,2
2205,1,1,1,,100,100,30/05/2019,0,GCE,1,0,0,2
2205,1,1,1,,100,100,31/05/2019,0,GCE,1,0,0,2
2205,1,1,1,,100,100,03/06/2019,0,GCE,1,0,0,2
2205,1,1,1,,100,100,04/06/2019,0,GCE,1,0,0,2
2206,1,1,1,,100,100,20/05/2019,0,GCE,1,0,0,2
2206,1,1,1,,100,100,21/05/2019,0,GCE,1,0,0,2
2206,1,1,1,,100,100,22/05/2019,0,GCE,1,0,0,2
2206,1,1,1,,100,100,23/05/2019,0,GCE,1,0,0,2
2206,1,1,1,,100,100,24/05/2019,0,GCE,1,0,0,2
2206,1,1,1,,100,100,29/05/2019,0,GCE,1,0,0,2
2206,1,1,1,,100,100,30/05/2019,0,GCE,1,0,0,2
2206,1,1,1,,100,100,31/05/2019,0,GCE,1,0,0,2
2206,1,1,1,,100,100,03/06/2019,0,GCE,1,0,0,2
2206,1,1,1,,100,100,04/06/2019,0,GCE,1,0,0,2
2405,1,1,1,,100,100,20/05/2019,0,GCE,1,0,0,2
2405,1,1,1,,100,100,21/05/2019,0,GCE,1,0,0,2
2405,1,1,1,,100,100,22/05/2019,0,GCE,1,0,0,2
2405,1,1,1,,100,100,23/05/2019,0,GCE,1,0,0,2
2405,1,1,1,,100,100,24/05/2019,0,GCE,1,0,0,2
2405,1,1,1,,100,100,29/05/2019,0,GCE,1,0,0,2
2405,1,1,1,,100,100,30/05/2019,0,GCE,1,0,0,2
2405,1,1,1,,100,100,31/05/2019,0,GCE,1,0,0,2
2405,1,1,1,,100,100,03/06/2019,0,GCE,1,0,0,2
2405,1,1,1,,100,100,04/06/2019,0,GCE,1,0,0,2
2406,1,1,1,,100,100,20/05/2019,0,GCE,1,0,0,2
2406,1,1,1,,100,100,21/05/2019,0,GCE,1,0,0,2
2406,1,1,1,,100,100,22/05/2019,0,GCE,1,0,0,2
2406,1,1,1,,100,100,23/05/2019,0,GCE,1,0,0,2
2406,1,1,1,,100,100,24/05/2019,0,GCE,1,0,0,2
2406,1,1,1,,100,100,29/05/2019,0,GCE,1,0,0,2
2406,1,1,1,,100,100,30/05/2019,0,GCE,1,0,0,2
2406,1,1,1,,100,100,31/05/2019,0,GCE,1,0,0,2
2406,1,1,1,,100,100,03/06/2019,0,GCE,1,0,0,2
2406,1,1,1,,100,100,04/06/2019,0,GCE,1,0,0,2
2509,146,146,146,18/07/2019,100,100,20/05/2019,0,GCE,0,146,100,2
2509,146,146,146,18/07/2019,100,100,21/05/2019,0,GCE,0,146,100,2
2509,146,146,146,18/07/2019,100,100,22/05/2019,0,GCE,0,146,100,2
2509,146,146,146,18/07/2019,100,100,23/05/2019,0,GCE,0,146,100,2
2509,146,146,146,18/07/2019,100,100,24/05/2019,0,GCE,0,146,100,2
2509,146,146,146,18/07/2019,100,100,29/05/2019,0,GCE,0,146,100,2
2509,146,146,146,18/07/2019,100,100,30/05/2019,0,GCE,0,146,100,2
2509,146,146,146,18/07/2019,100,100,31/05/2019,0,GCE,3,143,97.945206,2
2509,146,146,146,18/07/2019,100,100,03/06/2019,0,GCE,13,133,91.095894,2
2509,146,146,146,18/07/2019,100,100,04/06/2019,0,GCE,16,130,89.0411,2
2532,518,518,518,,100,100,20/05/2019,0,GCE,518,0,0,2
2532,518,518,518,,100,100,21/05/2019,0,GCE,518,0,0,2
2532,518,518,518,,100,100,22/05/2019,0,GCE,518,0,0,2
2532,518,518,518,,100,100,23/05/2019,0,GCE,518,0,0,2
2532,518,518,518,,100,100,24/05/2019,0,GCE,518,0,0,2
2532,518,518,518,,100,100,29/05/2019,0,GCE,518,0,0,2
2532,518,518,518,,100,100,30/05/2019,0,GCE,518,0,0,2
2532,518,518,518,,100,100,31/05/2019,0,GCE,518,0,0,2
2532,518,518,518,,100,100,03/06/2019,0,GCE,518,0,0,2
2532,518,518,518,,100,100,04/06/2019,0,GCE,518,0,0,2
2534,260,260,260,12/07/2019,100,100,20/05/2019,0,GCE,0,260,100,2
2534,260,260,260,12/07/2019,100,100,21/05/2019,0,GCE,0,260,100,2
2534,260,260,260,12/07/2019,100,100,22/05/2019,0,GCE,0,260,100,2
2534,260,260,260,12/07/2019,100,100,23/05/2019,0,GCE,0,260,100,2
2534,260,260,260,12/07/2019,100,100,24/05/2019,0,GCE,0,260,100,2
2534,260,260,260,12/07/2019,100,100,29/05/2019,0,GCE,29,231,88.846153,2
2534,260,260,260,12/07/2019,100,100,30/05/2019,0,GCE,35,225,86.53846,2
2534,260,260,260,12/07/2019,100,100,31/05/2019,0,GCE,40,220,84.615387,2
2534,260,260,260,12/07/2019,100,100,03/06/2019,0,GCE,58,202,77.692307,2
2534,260,260,260,12/07/2019,100,100,04/06/2019,0,GCE,64,196,75.384613,2
2537,41,41,41,,100,100,20/05/2019,0,GCE,41,0,0,2
2537,41,41,41,,100,100,21/05/2019,0,GCE,41,0,0,2
2537,41,41,41,,100,100,22/05/2019,0,GCE,41,0,0,2
2537,41,41,41,,100,100,23/05/2019,0,GCE,41,0,0,2
2537,41,41,41,,100,100,24/05/2019,0,GCE,41,0,0,2
2537,41,41,41,,100,100,29/05/2019,0,GCE,41,0,0,2
2537,41,41,41,,100,100,30/05/2019,0,GCE,41,0,0,2
2537,41,41,41,,100,100,31/05/2019,0,GCE,41,0,0,2
2537,41,41,41,,100,100,03/06/2019,0,GCE,41,0,0,2
2537,41,41,41,,100,100,04/06/2019,0,GCE,41,0,0,2
2538,24,24,24,15/07/2019,100,100,20/05/2019,0,GCE,0,24,100,2
2538,24,24,24,15/07/2019,100,100,21/05/2019,0,GCE,0,24,100,2
2538,24,24,24,15/07/2019,100,100,22/05/2019,0,GCE,0,24,100,2
2538,24,24,24,15/07/2019,100,100,23/05/2019,0,GCE,0,24,100,2
2538,24,24,24,15/07/2019,100,100,24/05/2019,0,GCE,0,24,100,2
2538,24,24,24,15/07/2019,100,100,29/05/2019,0,GCE,1,23,95.833336,2
2538,24,24,24,15/07/2019,100,100,30/05/2019,0,GCE,2,22,91.666664,2
2538,24,24,24,15/07/2019,100,100,31/05/2019,0,GCE,2,22,91.666664,2
2538,24,24,24,15/07/2019,100,100,03/06/2019,0,GCE,4,20,83.333336,2
2538,24,24,24,15/07/2019,100,100,04/06/2019,0,GCE,4,20,83.333336,2
2539,22,22,22,15/07/2019,100,100,20/05/2019,0,GCE,0,22,100,2
2539,22,22,22,15/07/2019,100,100,21/05/2019,0,GCE,0,22,100,2
2539,22,22,22,15/07/2019,100,100,22/05/2019,0,GCE,0,22,100,2
2539,22,22,22,15/07/2019,100,100,23/05/2019,0,GCE,0,22,100,2
2539,22,22,22,15/07/2019,100,100,24/05/2019,0,GCE,0,22,100,2
2539,22,22,22,15/07/2019,100,100,29/05/2019,0,GCE,1,21,95.454544,2
2539,22,22,22,15/07/2019,100,100,30/05/2019,0,GCE,1,21,95.454544,2
2539,22,22,22,15/07/2019,100,100,31/05/2019,0,GCE,2,20,90.909088,2
2539,22,22,22,15/07/2019,100,100,03/06/2019,0,GCE,3,19,86.36364,2
2539,22,22,22,15/07/2019,100,100,04/06/2019,0,GCE,4,18,81.818184,2
2556,788,788,788,,100,100,20/05/2019,0,GCE,788,0,0,2
2556,788,788,788,,100,100,21/05/2019,0,GCE,788,0,0,2
2556,788,788,788,,100,100,22/05/2019,0,GCE,788,0,0,2
2556,788,788,788,,100,100,23/05/2019,0,GCE,788,0,0,2
2556,788,788,788,,100,100,24/05/2019,0,GCE,788,0,0,2
2556,788,788,788,,100,100,29/05/2019,0,GCE,788,0,0,2
2556,788,788,788,,100,100,30/05/2019,0,GCE,788,0,0,2
2556,788,788,788,,100,100,31/05/2019,0,GCE,788,0,0,2
2556,788,788,788,,100,100,03/06/2019,0,GCE,788,0,0,2
2556,788,788,788,,100,100,04/06/2019,0,GCE,788,0,0,2
2558,527,527,527,02/07/2019,100,100,20/05/2019,0,GCE,70,457,86.71727,2
2558,527,527,527,02/07/2019,100,100,21/05/2019,0,GCE,82,445,84.440231,2
2558,527,527,527,02/07/2019,100,100,22/05/2019,0,GCE,94,433,82.163185,2
2558,527,527,527,02/07/2019,100,100,23/05/2019,0,GCE,105,422,80.075905,2
2558,527,527,527,02/07/2019,100,100,24/05/2019,0,GCE,117,410,77.798859,2
2558,527,527,527,02/07/2019,100,100,29/05/2019,0,GCE,176,351,66.603416,2
2558,527,527,527,02/07/2019,100,100,30/05/2019,0,GCE,187,340,64.516129,2
2558,527,527,527,02/07/2019,100,100,31/05/2019,0,GCE,199,328,62.23909,2
2558,527,527,527,02/07/2019,100,100,03/06/2019,0,GCE,234,293,55.597721,2
2558,527,527,527,02/07/2019,100,100,04/06/2019,0,GCE,246,281,53.320683,2
2606,29,29,29,,100,100,20/05/2019,0,GCE,29,0,0,2
2606,29,29,29,,100,100,21/05/2019,0,GCE,29,0,0,2
2606,29,29,29,,100,100,22/05/2019,0,GCE,29,0,0,2
2606,29,29,29,,100,100,23/05/2019,0,GCE,29,0,0,2
2606,29,29,29,,100,100,24/05/2019,0,GCE,29,0,0,2
2606,29,29,29,,100,100,29/05/2019,0,GCE,29,0,0,2
2606,29,29,29,,100,100,30/05/2019,0,GCE,29,0,0,2
2606,29,29,29,,100,100,31/05/2019,0,GCE,29,0,0,2
2606,29,29,29,,100,100,03/06/2019,0,GCE,29,0,0,2
2606,29,29,29,,100,100,04/06/2019,0,GCE,29,0,0,2
2608,12,12,12,18/07/2019,100,100,20/05/2019,0,GCE,0,12,100,2
2608,12,12,12,18/07/2019,100,100,21/05/2019,0,GCE,0,12,100,2
2608,12,12,12,18/07/2019,100,100,22/05/2019,0,GCE,0,12,100,2
2608,12,12,12,18/07/2019,100,100,23/05/2019,0,GCE,0,12,100,2
2608,12,12,12,18/07/2019,100,100,24/05/2019,0,GCE,0,12,100,2
2608,12,12,12,18/07/2019,100,100,29/05/2019,0,GCE,0,12,100,2
2608,12,12,12,18/07/2019,100,100,30/05/2019,0,GCE,0,12,100,2
2608,12,12,12,18/07/2019,100,100,31/05/2019,0,GCE,0,12,100,2
2608,12,12,12,18/07/2019,100,100,03/06/2019,0,GCE,1,11,91.666664,2
2608,12,12,12,18/07/2019,100,100,04/06/2019,0,GCE,1,11,91.666664,2
2616,38,38,38,,100,100,20/05/2019,0,GCE,38,0,0,2
2616,38,38,38,,100,100,21/05/2019,0,GCE,38,0,0,2
2616,38,38,38,,100,100,22/05/2019,0,GCE,38,0,0,2
2616,38,38,38,,100,100,23/05/2019,0,GCE,38,0,0,2
2616,38,38,38,,100,100,24/05/2019,0,GCE,38,0,0,2
2616,38,38,38,,100,100,29/05/2019,0,GCE,38,0,0,2
2616,38,38,38,,100,100,30/05/2019,0,GCE,38,0,0,2
2616,38,38,38,,100,100,31/05/2019,0,GCE,38,0,0,2
2616,38,38,38,,100,100,03/06/2019,0,GCE,38,0,0,2
2616,38,38,38,,100,100,04/06/2019,0,GCE,38,0,0,2
2618,51,51,51,18/07/2019,100,100,20/05/2019,0,GCE,0,51,100,2
2618,51,51,51,18/07/2019,100,100,21/05/2019,0,GCE,0,51,100,2
2618,51,51,51,18/07/2019,100,100,22/05/2019,0,GCE,0,51,100,2
2618,51,51,51,18/07/2019,100,100,23/05/2019,0,GCE,0,51,100,2
2618,51,51,51,18/07/2019,100,100,24/05/2019,0,GCE,0,51,100,2
2618,51,51,51,18/07/2019,100,100,29/05/2019,0,GCE,0,51,100,2
2618,51,51,51,18/07/2019,100,100,30/05/2019,0,GCE,0,51,100,2
2618,51,51,51,18/07/2019,100,100,31/05/2019,0,GCE,1,50,98.039215,2
2618,51,51,51,18/07/2019,100,100,03/06/2019,0,GCE,5,46,90.196075,2
2618,51,51,51,18/07/2019,100,100,04/06/2019,0,GCE,6,45,88.235291,2
2626,791,791,791,,100,100,20/05/2019,0,GCE,791,0,0,2
2626,791,791,791,,100,100,21/05/2019,0,GCE,791,0,0,2
2626,791,791,791,,100,100,22/05/2019,0,GCE,791,0,0,2
2626,791,791,791,,100,100,23/05/2019,0,GCE,791,0,0,2
2626,791,791,791,,100,100,24/05/2019,0,GCE,791,0,0,2
2626,791,791,791,,100,100,29/05/2019,0,GCE,791,0,0,2
2626,791,791,791,,100,100,30/05/2019,0,GCE,791,0,0,2
2626,791,791,791,,100,100,31/05/2019,0,GCE,791,0,0,2
2626,791,791,791,,100,100,03/06/2019,0,GCE,791,0,0,2
2626,791,791,791,,100,100,04/06/2019,0,GCE,791,0,0,2
2628,559,559,559,18/07/2019,100,100,20/05/2019,0,GCE,0,559,100,2
2628,559,559,559,18/07/2019,100,100,21/05/2019,0,GCE,0,559,100,2
2628,559,559,559,18/07/2019,100,100,22/05/2019,0,GCE,0,559,100,2
2628,559,559,559,18/07/2019,100,100,23/05/2019,0,GCE,0,559,100,2
2628,559,559,559,18/07/2019,100,100,24/05/2019,0,GCE,0,559,100,2
2628,559,559,559,18/07/2019,100,100,29/05/2019,0,GCE,0,559,100,2
2628,559,559,559,18/07/2019,100,100,30/05/2019,0,GCE,0,559,100,2
2628,559,559,559,18/07/2019,100,100,31/05/2019,0,GCE,12,547,97.85331,2
2628,559,559,559,18/07/2019,100,100,03/06/2019,0,GCE,50,509,91.055458,2
2628,559,559,559,18/07/2019,100,100,04/06/2019,0,GCE,62,497,88.908768,2
2665,391,391,391,,100,100,20/05/2019,0,GCE,391,0,0,2
2665,391,391,391,,100,100,21/05/2019,0,GCE,391,0,0,2
2665,391,391,391,,100,100,22/05/2019,0,GCE,391,0,0,2
2665,391,391,391,,100,100,23/05/2019,0,GCE,391,0,0,2
2665,391,391,391,,100,100,24/05/2019,0,GCE,391,0,0,2
2665,391,391,391,,100,100,29/05/2019,0,GCE,391,0,0,2
2665,391,391,391,,100,100,30/05/2019,0,GCE,391,0,0,2
2665,391,391,391,,100,100,31/05/2019,0,GCE,391,0,0,2
2665,391,391,391,,100,100,03/06/2019,0,GCE,391,0,0,2
2665,391,391,391,,100,100,04/06/2019,0,GCE,391,0,0,2
2668,276,276,276,22/07/2019,100,100,20/05/2019,0,GCE,0,276,100,2
2668,276,276,276,22/07/2019,100,100,21/05/2019,0,GCE,0,276,100,2
2668,276,276,276,22/07/2019,100,100,22/05/2019,0,GCE,0,276,100,2
2668,276,276,276,22/07/2019,100,100,23/05/2019,0,GCE,0,276,100,2
2668,276,276,276,22/07/2019,100,100,24/05/2019,0,GCE,0,276,100,2
2668,276,276,276,22/07/2019,100,100,29/05/2019,0,GCE,0,276,100,2
2668,276,276,276,22/07/2019,100,100,30/05/2019,0,GCE,0,276,100,2
2668,276,276,276,22/07/2019,100,100,31/05/2019,0,GCE,0,276,100,2
2668,276,276,276,22/07/2019,100,100,03/06/2019,0,GCE,0,276,100,2
2668,276,276,276,22/07/2019,100,100,04/06/2019,0,GCE,6,270,97.826088,2
2670,12,12,12,,100,100,20/05/2019,0,GCE,12,0,0,2
2670,12,12,12,,100,100,21/05/2019,0,GCE,12,0,0,2
2670,12,12,12,,100,100,22/05/2019,0,GCE,12,0,0,2
2670,12,12,12,,100,100,23/05/2019,0,GCE,12,0,0,2
2670,12,12,12,,100,100,24/05/2019,0,GCE,12,0,0,2
2670,12,12,12,,100,100,29/05/2019,0,GCE,12,0,0,2
2670,12,12,12,,100,100,30/05/2019,0,GCE,12,0,0,2
2670,12,12,12,,100,100,31/05/2019,0,GCE,12,0,0,2
2670,12,12,12,,100,100,03/06/2019,0,GCE,12,0,0,2
2670,12,12,12,,100,100,04/06/2019,0,GCE,12,0,0,2
2686,986,986,986,,100,100,20/05/2019,0,GCE,986,0,0,2
2686,986,986,986,,100,100,21/05/2019,0,GCE,986,0,0,2
2686,986,986,986,,100,100,22/05/2019,0,GCE,986,0,0,2
2686,986,986,986,,100,100,23/05/2019,0,GCE,986,0,0,2
2686,986,986,986,,100,100,24/05/2019,0,GCE,986,0,0,2
2686,986,986,986,,100,100,29/05/2019,0,GCE,986,0,0,2
2686,986,986,986,,100,100,30/05/2019,0,GCE,986,0,0,2
2686,986,986,986,,100,100,31/05/2019,0,GCE,986,0,0,2
2686,986,986,986,,100,100,03/06/2019,0,GCE,986,0,0,2
2686,986,986,986,,100,100,04/06/2019,0,GCE,986,0,0,2
2688,542,542,542,23/07/2019,100,100,20/05/2019,0,GCE,0,542,100,2
2688,542,542,542,23/07/2019,100,100,21/05/2019,0,GCE,0,542,100,2
2688,542,542,542,23/07/2019,100,100,22/05/2019,0,GCE,0,542,100,2
2688,542,542,542,23/07/2019,100,100,23/05/2019,0,GCE,0,542,100,2
2688,542,542,542,23/07/2019,100,100,24/05/2019,0,GCE,0,542,100,2
2688,542,542,542,23/07/2019,100,100,29/05/2019,0,GCE,0,542,100,2
2688,542,542,542,23/07/2019,100,100,30/05/2019,0,GCE,0,542,100,2
2688,542,542,542,23/07/2019,100,100,31/05/2019,0,GCE,0,542,100,2
2688,542,542,542,23/07/2019,100,100,03/06/2019,0,GCE,0,542,100,2
2688,542,542,542,23/07/2019,100,100,04/06/2019,0,GCE,0,542,100,2
2695,497,497,497,,100,100,20/05/2019,0,GCE,497,0,0,2
2695,497,497,497,,100,100,21/05/2019,0,GCE,497,0,0,2
2695,497,497,497,,100,100,22/05/2019,0,GCE,497,0,0,2
2695,497,497,497,,100,100,23/05/2019,0,GCE,497,0,0,2
2695,497,497,497,,100,100,24/05/2019,0,GCE,497,0,0,2
2695,497,497,497,,100,100,29/05/2019,0,GCE,497,0,0,2
2695,497,497,497,,100,100,30/05/2019,0,GCE,497,0,0,2
2695,497,497,497,,100,100,31/05/2019,0,GCE,497,0,0,2
2695,497,497,497,,100,100,03/06/2019,0,GCE,497,0,0,2
2695,497,497,497,,100,100,04/06/2019,0,GCE,497,0,0,2
2697,409,409,409,16/07/2019,100,100,20/05/2019,0,GCE,0,409,100,2
2697,409,409,409,16/07/2019,100,100,21/05/2019,0,GCE,0,409,100,2
2697,409,409,409,16/07/2019,100,100,22/05/2019,0,GCE,0,409,100,2
2697,409,409,409,16/07/2019,100,100,23/05/2019,0,GCE,0,409,100,2
2697,409,409,409,16/07/2019,100,100,24/05/2019,0,GCE,0,409,100,2
2697,409,409,409,16/07/2019,100,100,29/05/2019,0,GCE,9,400,97.799515,2
2697,409,409,409,16/07/2019,100,100,30/05/2019,0,GCE,18,391,95.599022,2
2697,409,409,409,16/07/2019,100,100,31/05/2019,0,GCE,27,382,93.398537,2
2697,409,409,409,16/07/2019,100,100,03/06/2019,0,GCE,55,354,86.552567,2
2697,409,409,409,16/07/2019,100,100,04/06/2019,0,GCE,64,345,84.352081,2
2709,173,173,173,15/07/2019,100,100,20/05/2019,0,GCE,0,173,100,2
2709,173,173,173,15/07/2019,100,100,21/05/2019,0,GCE,0,173,100,2
2709,173,173,173,15/07/2019,100,100,22/05/2019,0,GCE,0,173,100,2
2709,173,173,173,15/07/2019,100,100,23/05/2019,0,GCE,0,173,100,2
2709,173,173,173,15/07/2019,100,100,24/05/2019,0,GCE,0,173,100,2
2709,173,173,173,15/07/2019,100,100,29/05/2019,0,GCE,8,165,95.375725,2
2709,173,173,173,15/07/2019,100,100,30/05/2019,0,GCE,12,161,93.063583,2
2709,173,173,173,15/07/2019,100,100,31/05/2019,0,GCE,15,158,91.329483,2
2709,173,173,173,15/07/2019,100,100,03/06/2019,0,GCE,27,146,84.393066,2
2709,173,173,173,15/07/2019,100,100,04/06/2019,0,GCE,31,142,82.080925,2
2719,427,427,427,17/07/2019,100,100,20/05/2019,0,GCE,0,427,100,2
2719,427,427,427,17/07/2019,100,100,21/05/2019,0,GCE,0,427,100,2
2719,427,427,427,17/07/2019,100,100,22/05/2019,0,GCE,0,427,100,2
2719,427,427,427,17/07/2019,100,100,23/05/2019,0,GCE,0,427,100,2
2719,427,427,427,17/07/2019,100,100,24/05/2019,0,GCE,0,427,100,2
2719,427,427,427,17/07/2019,100,100,29/05/2019,0,GCE,0,427,100,2
2719,427,427,427,17/07/2019,100,100,30/05/2019,0,GCE,9,418,97.892273,2
2719,427,427,427,17/07/2019,100,100,31/05/2019,0,GCE,19,408,95.550354,2
2719,427,427,427,17/07/2019,100,100,03/06/2019,0,GCE,47,380,88.992973,2
2719,427,427,427,17/07/2019,100,100,04/06/2019,0,GCE,57,370,86.651054,2
2729,833,833,833,19/07/2019,100,100,20/05/2019,0,GCE,0,833,100,2
2729,833,833,833,19/07/2019,100,100,21/05/2019,0,GCE,0,833,100,2
2729,833,833,833,19/07/2019,100,100,22/05/2019,0,GCE,0,833,100,2
2729,833,833,833,19/07/2019,100,100,23/05/2019,0,GCE,0,833,100,2
2729,833,833,833,19/07/2019,100,100,24/05/2019,0,GCE,0,833,100,2
2729,833,833,833,19/07/2019,100,100,29/05/2019,0,GCE,0,833,100,2
2729,833,833,833,19/07/2019,100,100,30/05/2019,0,GCE,0,833,100,2
2729,833,833,833,19/07/2019,100,100,31/05/2019,0,GCE,0,833,100,2
2729,833,833,833,19/07/2019,100,100,03/06/2019,0,GCE,56,777,93.277313,2
2729,833,833,833,19/07/2019,100,100,04/06/2019,0,GCE,74,759,91.116447,2
2807,1,1,1,23/07/2019,100,100,20/05/2019,0,GCE,0,1,100,2
2807,1,1,1,23/07/2019,100,100,21/05/2019,0,GCE,0,1,100,2
2807,1,1,1,23/07/2019,100,100,22/05/2019,0,GCE,0,1,100,2
2807,1,1,1,23/07/2019,100,100,23/05/2019,0,GCE,0,1,100,2
2807,1,1,1,23/07/2019,100,100,24/05/2019,0,GCE,0,1,100,2
2807,1,1,1,23/07/2019,100,100,29/05/2019,0,GCE,0,1,100,2
2807,1,1,1,23/07/2019,100,100,30/05/2019,0,GCE,0,1,100,2
2807,1,1,1,23/07/2019,100,100,31/05/2019,0,GCE,0,1,100,2
2807,1,1,1,23/07/2019,100,100,03/06/2019,0,GCE,0,1,100,2
2807,1,1,1,23/07/2019,100,100,04/06/2019,0,GCE,0,1,100,2
7201,13,13,13,26/07/2019,100,100,20/05/2019,0,GCE,0,13,100,2
7201,13,13,13,26/07/2019,100,100,21/05/2019,0,GCE,0,13,100,2
7201,13,13,13,26/07/2019,100,100,22/05/2019,0,GCE,0,13,100,2
7201,13,13,13,26/07/2019,100,100,23/05/2019,0,GCE,0,13,100,2
7201,13,13,13,26/07/2019,100,100,24/05/2019,0,GCE,0,13,100,2
7201,13,13,13,26/07/2019,100,100,29/05/2019,0,GCE,0,13,100,2
7201,13,13,13,26/07/2019,100,100,30/05/2019,0,GCE,0,13,100,2
7201,13,13,13,26/07/2019,100,100,31/05/2019,0,GCE,0,13,100,2
7201,13,13,13,26/07/2019,100,100,03/06/2019,0,GCE,0,13,100,2
7201,13,13,13,26/07/2019,100,100,04/06/2019,0,GCE,0,13,100,2
7202,13,13,13,26/07/2019,100,100,20/05/2019,0,GCE,0,13,100,2
7202,13,13,13,26/07/2019,100,100,21/05/2019,0,GCE,0,13,100,2
7202,13,13,13,26/07/2019,100,100,22/05/2019,0,GCE,0,13,100,2
7202,13,13,13,26/07/2019,100,100,23/05/2019,0,GCE,0,13,100,2
7202,13,13,13,26/07/2019,100,100,24/05/2019,0,GCE,0,13,100,2
7202,13,13,13,26/07/2019,100,100,29/05/2019,0,GCE,0,13,100,2
7202,13,13,13,26/07/2019,100,100,30/05/2019,0,GCE,0,13,100,2
7202,13,13,13,26/07/2019,100,100,31/05/2019,0,GCE,0,13,100,2
7202,13,13,13,26/07/2019,100,100,03/06/2019,0,GCE,0,13,100,2
7202,13,13,13,26/07/2019,100,100,04/06/2019,0,GCE,0,13,100,2
8111,0,1672,1672,26/07/2019,0,0,20/05/2019,0,GCE,0,0,0,2
8111,0,1672,1672,26/07/2019,0,0,21/05/2019,0,GCE,0,0,0,2
8111,0,1672,1672,26/07/2019,0,0,22/05/2019,0,GCE,0,0,0,2
8111,0,1672,1672,26/07/2019,0,0,23/05/2019,0,GCE,0,0,0,2
8111,0,1672,1672,26/07/2019,0,0,24/05/2019,0,GCE,0,0,0,2
8111,0,1672,1672,26/07/2019,0,0,29/05/2019,0,GCE,0,0,0,2
8111,0,1672,1672,26/07/2019,0,0,30/05/2019,0,GCE,0,0,0,2
8111,0,1672,1672,26/07/2019,0,0,31/05/2019,0,GCE,0,0,0,2
8111,0,1672,1672,26/07/2019,0,0,03/06/2019,0,GCE,0,0,0,2
8111,0,1672,1672,26/07/2019,0,0,04/06/2019,0,GCE,0,0,0,2
8291,78,78,78,27/07/2019,100,100,20/05/2019,0,GCE,0,78,100,2
8291,78,78,78,27/07/2019,100,100,21/05/2019,0,GCE,0,78,100,2
8291,78,78,78,27/07/2019,100,100,22/05/2019,0,GCE,0,78,100,2
8291,78,78,78,27/07/2019,100,100,23/05/2019,0,GCE,0,78,100,2
8291,78,78,78,27/07/2019,100,100,24/05/2019,0,GCE,0,78,100,2
8291,78,78,78,27/07/2019,100,100,29/05/2019,0,GCE,0,78,100,2
8291,78,78,78,27/07/2019,100,100,30/05/2019,0,GCE,0,78,100,2
8291,78,78,78,27/07/2019,100,100,31/05/2019,0,GCE,0,78,100,2
8291,78,78,78,27/07/2019,100,100,03/06/2019,0,GCE,0,78,100,2
8291,78,78,78,27/07/2019,100,100,04/06/2019,0,GCE,0,78,100,2
8480,1,1,1,02/07/2019,100,100,20/05/2019,0,GCE,0,1,100,2
8480,1,1,1,02/07/2019,100,100,21/05/2019,0,GCE,0,1,100,2
8480,1,1,1,02/07/2019,100,100,22/05/2019,0,GCE,0,1,100,2
8480,1,1,1,02/07/2019,100,100,23/05/2019,0,GCE,0,1,100,2
8480,1,1,1,02/07/2019,100,100,24/05/2019,0,GCE,0,1,100,2
8480,1,1,1,02/07/2019,100,100,29/05/2019,0,GCE,0,1,100,2
8480,1,1,1,02/07/2019,100,100,30/05/2019,0,GCE,0,1,100,2
8480,1,1,1,02/07/2019,100,100,31/05/2019,0,GCE,0,1,100,2
8480,1,1,1,02/07/2019,100,100,03/06/2019,0,GCE,0,1,100,2
8480,1,1,1,02/07/2019,100,100,04/06/2019,0,GCE,0,1,100,2
8490,0,52,52,27/06/2019,0,0,20/05/2019,0,GCE,0,0,0,2
8490,0,52,52,27/06/2019,0,0,21/05/2019,0,GCE,0,0,0,2
8490,0,52,52,27/06/2019,0,0,22/05/2019,0,GCE,0,0,0,2
8490,0,52,52,27/06/2019,0,0,23/05/2019,0,GCE,0,0,0,2
8490,0,52,52,27/06/2019,0,0,24/05/2019,0,GCE,0,0,0,2
8490,0,52,52,27/06/2019,0,0,29/05/2019,0,GCE,7,-7,-13.461538,2
8490,19,52,52,27/06/2019,36.53846,36.53846,30/05/2019,0,GCE,9,10,19.23077,2
8490,20,52,52,27/06/2019,38.46154,38.46154,31/05/2019,0,GCE,11,9,17.307692,2
8490,34,52,52,27/06/2019,65.384613,65.384613,03/06/2019,0,GCE,16,18,34.615383,2
8490,34,52,52,27/06/2019,65.384613,65.384613,04/06/2019,0,GCE,18,16,30.76923,2
8491,0,296,296,25/07/2019,0,0,20/05/2019,0,GCE,0,0,0,2
8491,0,296,296,25/07/2019,0,0,21/05/2019,0,GCE,0,0,0,2
8491,0,296,296,25/07/2019,0,0,22/05/2019,0,GCE,0,0,0,2
8491,0,296,296,25/07/2019,0,0,23/05/2019,0,GCE,0,0,0,2
8491,0,296,296,25/07/2019,0,0,24/05/2019,0,GCE,0,0,0,2
8491,0,296,296,25/07/2019,0,0,29/05/2019,0,GCE,0,0,0,2
8491,0,296,296,25/07/2019,0,0,30/05/2019,0,GCE,0,0,0,2
8491,0,296,296,25/07/2019,0,0,31/05/2019,0,GCE,0,0,0,2
8491,0,296,296,25/07/2019,0,0,03/06/2019,0,GCE,0,0,0,2
8491,0,296,296,25/07/2019,0,0,04/06/2019,0,GCE,0,0,0,2
8501,0,351,351,22/07/2019,0,0,20/05/2019,0,GCE,0,0,0,2
8501,0,351,351,22/07/2019,0,0,21/05/2019,0,GCE,0,0,0,2
8501,0,351,351,22/07/2019,0,0,22/05/2019,0,GCE,0,0,0,2
8501,0,351,351,22/07/2019,0,0,23/05/2019,0,GCE,0,0,0,2
8501,0,351,351,22/07/2019,0,0,24/05/2019,0,GCE,0,0,0,2
8501,0,351,351,22/07/2019,0,0,29/05/2019,0,GCE,0,0,0,2
8501,0,351,351,22/07/2019,0,0,30/05/2019,0,GCE,0,0,0,2
8501,0,351,351,22/07/2019,0,0,31/05/2019,0,GCE,0,0,0,2
8501,0,351,351,22/07/2019,0,0,03/06/2019,0,GCE,0,0,0,2
8501,0,351,351,22/07/2019,0,0,04/06/2019,0,GCE,0,0,0,2
8520,1,1,1,28/06/2019,100,100,20/05/2019,0,GCE,0,1,100,2
8520,1,1,1,28/06/2019,100,100,21/05/2019,0,GCE,0,1,100,2
8520,1,1,1,28/06/2019,100,100,22/05/2019,0,GCE,0,1,100,2
8520,1,1,1,28/06/2019,100,100,23/05/2019,0,GCE,0,1,100,2
8520,1,1,1,28/06/2019,100,100,24/05/2019,0,GCE,0,1,100,2
8520,1,1,1,28/06/2019,100,100,29/05/2019,0,GCE,0,1,100,2
8520,1,1,1,28/06/2019,100,100,30/05/2019,0,GCE,0,1,100,2
8520,1,1,1,28/06/2019,100,100,31/05/2019,0,GCE,0,1,100,2
8520,1,1,1,28/06/2019,100,100,03/06/2019,0,GCE,0,1,100,2
8520,1,1,1,28/06/2019,100,100,04/06/2019,0,GCE,0,1,100,2
8521,11,11,11,17/07/2019,100,100,20/05/2019,0,GCE,0,11,100,2
8521,11,11,11,17/07/2019,100,100,21/05/2019,0,GCE,0,11,100,2
8521,11,11,11,17/07/2019,100,100,22/05/2019,0,GCE,0,11,100,2
8521,11,11,11,17/07/2019,100,100,23/05/2019,0,GCE,0,11,100,2
8521,11,11,11,17/07/2019,100,100,24/05/2019,0,GCE,0,11,100,2
8521,11,11,11,17/07/2019,100,100,29/05/2019,0,GCE,0,11,100,2
8521,11,11,11,17/07/2019,100,100,30/05/2019,0,GCE,0,11,100,2
8521,11,11,11,17/07/2019,100,100,31/05/2019,0,GCE,0,11,100,2
8521,11,11,11,17/07/2019,100,100,03/06/2019,0,GCE,0,11,100,2
8521,11,11,11,17/07/2019,100,100,04/06/2019,0,GCE,0,11,100,2
8550,0,64,64,26/06/2019,0,0,20/05/2019,0,GCE,0,0,0,2
8550,0,64,64,26/06/2019,0,0,21/05/2019,0,GCE,0,0,0,2
8550,0,64,64,26/06/2019,0,0,22/05/2019,0,GCE,0,0,0,2
8550,0,64,64,26/06/2019,0,0,23/05/2019,0,GCE,0,0,0,2
8550,0,64,64,26/06/2019,0,0,24/05/2019,0,GCE,0,0,0,2
8550,0,64,64,26/06/2019,0,0,29/05/2019,0,GCE,11,-11,-17.1875,2
8550,64,64,64,26/06/2019,100,100,30/05/2019,0,GCE,13,51,79.6875,2
8550,64,64,64,26/06/2019,100,100,31/05/2019,0,GCE,15,49,76.5625,2
8550,64,64,64,26/06/2019,100,100,03/06/2019,0,GCE,22,42,65.625,2
8550,64,64,64,26/06/2019,100,100,04/06/2019,0,GCE,24,40,62.5,2
8551,0,174,174,11/07/2019,0,0,20/05/2019,0,GCE,0,0,0,2
8551,0,174,174,11/07/2019,0,0,21/05/2019,0,GCE,0,0,0,2
8551,0,174,174,11/07/2019,0,0,22/05/2019,0,GCE,0,0,0,2
8551,0,174,174,11/07/2019,0,0,23/05/2019,0,GCE,0,0,0,2
8551,0,174,174,11/07/2019,0,0,24/05/2019,0,GCE,0,0,0,2
8551,0,174,174,11/07/2019,0,0,29/05/2019,0,GCE,0,0,0,2
8551,0,174,174,11/07/2019,0,0,30/05/2019,0,GCE,0,0,0,2
8551,0,174,174,11/07/2019,0,0,31/05/2019,0,GCE,0,0,0,2
8551,0,174,174,11/07/2019,0,0,03/06/2019,0,GCE,0,0,0,2
8551,0,174,174,11/07/2019,0,0,04/06/2019,0,GCE,0,0,0,2
8602,0,39,39,27/06/2019,0,0,20/05/2019,0,GCE,0,0,0,2
8602,0,39,39,27/06/2019,0,0,21/05/2019,0,GCE,0,0,0,2
8602,0,39,39,27/06/2019,0,0,22/05/2019,0,GCE,0,0,0,2
8602,0,39,39,27/06/2019,0,0,23/05/2019,0,GCE,0,0,0,2
8602,0,39,39,27/06/2019,0,0,24/05/2019,0,GCE,0,0,0,2
8602,0,39,39,27/06/2019,0,0,29/05/2019,0,GCE,3,-3,-7.6923075,2
8602,0,39,39,27/06/2019,0,0,30/05/2019,0,GCE,4,-4,-10.256411,2
8602,0,39,39,27/06/2019,0,0,31/05/2019,0,GCE,6,-6,-15.384615,2
8602,13,39,39,27/06/2019,33.333332,33.333332,03/06/2019,0,GCE,10,3,7.6923075,2
8602,13,39,39,27/06/2019,33.333332,33.333332,04/06/2019,0,GCE,12,1,2.5641026,2
8603,0,65,65,21/07/2019,0,0,20/05/2019,0,GCE,0,0,0,2
8603,0,65,65,21/07/2019,0,0,21/05/2019,0,GCE,0,0,0,2
8603,0,65,65,21/07/2019,0,0,22/05/2019,0,GCE,0,0,0,2
8603,0,65,65,21/07/2019,0,0,23/05/2019,0,GCE,0,0,0,2
8603,0,65,65,21/07/2019,0,0,24/05/2019,0,GCE,0,0,0,2
8603,0,65,65,21/07/2019,0,0,29/05/2019,0,GCE,0,0,0,2
8603,0,65,65,21/07/2019,0,0,30/05/2019,0,GCE,0,0,0,2
8603,0,65,65,21/07/2019,0,0,31/05/2019,0,GCE,0,0,0,2
8603,0,65,65,21/07/2019,0,0,03/06/2019,0,GCE,0,0,0,2
8603,0,65,65,21/07/2019,0,0,04/06/2019,0,GCE,0,0,0,2
8604,0,709,709,21/07/2019,0,0,20/05/2019,0,GCE,0,0,0,2
8604,0,709,709,21/07/2019,0,0,21/05/2019,0,GCE,0,0,0,2
8604,0,709,709,21/07/2019,0,0,22/05/2019,0,GCE,0,0,0,2
8604,0,709,709,21/07/2019,0,0,23/05/2019,0,GCE,0,0,0,2
8604,0,709,709,21/07/2019,0,0,24/05/2019,0,GCE,0,0,0,2
8604,0,709,709,21/07/2019,0,0,29/05/2019,0,GCE,0,0,0,2
8604,0,709,709,21/07/2019,0,0,30/05/2019,0,GCE,0,0,0,2
8604,0,709,709,21/07/2019,0,0,31/05/2019,0,GCE,0,0,0,2
8604,0,709,709,21/07/2019,0,0,03/06/2019,0,GCE,0,0,0,2
8604,0,709,709,21/07/2019,0,0,04/06/2019,0,GCE,0,0,0,2
8651,13,13,13,24/07/2019,100,100,20/05/2019,0,GCE,0,13,100,2
8651,13,13,13,24/07/2019,100,100,21/05/2019,0,GCE,0,13,100,2
8651,13,13,13,24/07/2019,100,100,22/05/2019,0,GCE,0,13,100,2
8651,13,13,13,24/07/2019,100,100,23/05/2019,0,GCE,0,13,100,2
8651,13,13,13,24/07/2019,100,100,24/05/2019,0,GCE,0,13,100,2
8651,13,13,13,24/07/2019,100,100,29/05/2019,0,GCE,0,13,100,2
8651,13,13,13,24/07/2019,100,100,30/05/2019,0,GCE,0,13,100,2
8651,13,13,13,24/07/2019,100,100,31/05/2019,0,GCE,0,13,100,2
8651,13,13,13,24/07/2019,100,100,03/06/2019,0,GCE,0,13,100,2
8651,13,13,13,24/07/2019,100,100,04/06/2019,0,GCE,0,13,100,2
8654,10,10,10,24/07/2019,100,100,20/05/2019,0,GCE,0,10,100,2
8654,10,10,10,24/07/2019,100,100,21/05/2019,0,GCE,0,10,100,2
8654,10,10,10,24/07/2019,100,100,22/05/2019,0,GCE,0,10,100,2
8654,10,10,10,24/07/2019,100,100,23/05/2019,0,GCE,0,10,100,2
8654,10,10,10,24/07/2019,100,100,24/05/2019,0,GCE,0,10,100,2
8654,10,10,10,24/07/2019,100,100,29/05/2019,0,GCE,0,10,100,2
8654,10,10,10,24/07/2019,100,100,30/05/2019,0,GCE,0,10,100,2
8654,10,10,10,24/07/2019,100,100,31/05/2019,0,GCE,0,10,100,2
8654,10,10,10,24/07/2019,100,100,03/06/2019,0,GCE,0,10,100,2
8654,10,10,10,24/07/2019,100,100,04/06/2019,0,GCE,0,10,100,2
8656,33,33,33,24/07/2019,100,100,20/05/2019,0,GCE,0,33,100,2
8656,33,33,33,24/07/2019,100,100,21/05/2019,0,GCE,0,33,100,2
8656,33,33,33,24/07/2019,100,100,22/05/2019,0,GCE,0,33,100,2
8656,33,33,33,24/07/2019,100,100,23/05/2019,0,GCE,0,33,100,2
8656,33,33,33,24/07/2019,100,100,24/05/2019,0,GCE,0,33,100,2
8656,33,33,33,24/07/2019,100,100,29/05/2019,0,GCE,0,33,100,2
8656,33,33,33,24/07/2019,100,100,30/05/2019,0,GCE,0,33,100,2
8656,33,33,33,24/07/2019,100,100,31/05/2019,0,GCE,0,33,100,2
8656,33,33,33,24/07/2019,100,100,03/06/2019,0,GCE,0,33,100,2
8656,33,33,33,24/07/2019,100,100,04/06/2019,0,GCE,0,33,100,2
8660,0,96,96,09/07/2019,0,0,20/05/2019,0,GCE,0,0,0,2
8660,0,96,96,09/07/2019,0,0,21/05/2019,0,GCE,0,0,0,2
8660,0,96,96,09/07/2019,0,0,22/05/2019,0,GCE,0,0,0,2
8660,0,96,96,09/07/2019,0,0,23/05/2019,0,GCE,0,0,0,2
8660,0,96,96,09/07/2019,0,0,24/05/2019,0,GCE,0,0,0,2
8660,0,96,96,09/07/2019,0,0,29/05/2019,0,GCE,0,0,0,2
8660,0,96,96,09/07/2019,0,0,30/05/2019,0,GCE,0,0,0,2
8660,0,96,96,09/07/2019,0,0,31/05/2019,0,GCE,0,0,0,2
8660,0,96,96,09/07/2019,0,0,03/06/2019,0,GCE,0,0,0,2
8660,0,96,96,09/07/2019,0,0,04/06/2019,0,GCE,0,0,0,2
8661,0,573,573,26/07/2019,0,0,20/05/2019,0,GCE,0,0,0,2
8661,0,573,573,26/07/2019,0,0,21/05/2019,0,GCE,0,0,0,2
8661,0,573,573,26/07/2019,0,0,22/05/2019,0,GCE,0,0,0,2
8661,0,573,573,26/07/2019,0,0,23/05/2019,0,GCE,0,0,0,2
8661,0,573,573,26/07/2019,0,0,24/05/2019,0,GCE,0,0,0,2
8661,0,573,573,26/07/2019,0,0,29/05/2019,0,GCE,0,0,0,2
8661,0,573,573,26/07/2019,0,0,30/05/2019,0,GCE,0,0,0,2
8661,0,573,573,26/07/2019,0,0,31/05/2019,0,GCE,0,0,0,2
8661,0,573,573,26/07/2019,0,0,03/06/2019,0,GCE,0,0,0,2
8661,0,573,573,26/07/2019,0,0,04/06/2019,0,GCE,0,0,0,2
8670,0,654,654,03/07/2019,0,0,20/05/2019,0,GCE,0,0,0,2
8670,0,654,654,03/07/2019,0,0,21/05/2019,0,GCE,0,0,0,2
8670,0,654,654,03/07/2019,0,0,22/05/2019,0,GCE,0,0,0,2
8670,0,654,654,03/07/2019,0,0,23/05/2019,0,GCE,0,0,0,2
8670,0,654,654,03/07/2019,0,0,24/05/2019,0,GCE,0,0,0,2
8670,0,654,654,03/07/2019,0,0,29/05/2019,0,GCE,40,-40,-6.1162081,2
8670,1,654,654,03/07/2019,.1529052,.1529052,30/05/2019,0,GCE,59,-58,-8.8685017,2
8670,7,654,654,03/07/2019,1.0703363,1.0703363,31/05/2019,0,GCE,79,-72,-11.009174,2
8670,85,654,654,03/07/2019,12.996942,12.996942,03/06/2019,0,GCE,139,-54,-8.2568808,2
8670,154,654,654,03/07/2019,23.547401,23.547401,04/06/2019,0,GCE,159,-5,-.76452601,2
8671,17,3632,3632,20/07/2019,.46806169,.46806169,20/05/2019,0,GCE,0,17,.46806169,2
8671,17,3632,3632,20/07/2019,.46806169,.46806169,21/05/2019,0,GCE,0,17,.46806169,2
8671,17,3632,3632,20/07/2019,.46806169,.46806169,22/05/2019,0,GCE,0,17,.46806169,2
8671,17,3632,3632,20/07/2019,.46806169,.46806169,23/05/2019,0,GCE,0,17,.46806169,2
8671,17,3632,3632,20/07/2019,.46806169,.46806169,24/05/2019,0,GCE,0,17,.46806169,2
8671,17,3632,3632,20/07/2019,.46806169,.46806169,29/05/2019,0,GCE,0,17,.46806169,2
8671,17,3632,3632,20/07/2019,.46806169,.46806169,30/05/2019,0,GCE,0,17,.46806169,2
8671,17,3632,3632,20/07/2019,.46806169,.46806169,31/05/2019,0,GCE,0,17,.46806169,2
8671,17,3632,3632,20/07/2019,.46806169,.46806169,03/06/2019,0,GCE,0,17,.46806169,2
8671,17,3632,3632,20/07/2019,.46806169,.46806169,04/06/2019,0,GCE,0,17,.46806169,2
8680,0,974,974,10/07/2019,0,0,20/05/2019,0,GCE,0,0,0,2
8680,0,974,974,10/07/2019,0,0,21/05/2019,0,GCE,0,0,0,2
8680,0,974,974,10/07/2019,0,0,22/05/2019,0,GCE,0,0,0,2
8680,0,974,974,10/07/2019,0,0,23/05/2019,0,GCE,0,0,0,2
8680,0,974,974,10/07/2019,0,0,24/05/2019,0,GCE,0,0,0,2
8680,0,974,974,10/07/2019,0,0,29/05/2019,0,GCE,0,0,0,2
8680,0,974,974,10/07/2019,0,0,30/05/2019,0,GCE,0,0,0,2
8680,0,974,974,10/07/2019,0,0,31/05/2019,0,GCE,0,0,0,2
8680,8,974,974,10/07/2019,.82135522,.82135522,03/06/2019,0,GCE,29,-21,-2.1560576,2
8680,8,974,974,10/07/2019,.82135522,.82135522,04/06/2019,0,GCE,57,-49,-5.0308008,2
8681,30,7026,7026,27/07/2019,.42698547,.42698547,20/05/2019,0,GCE,0,30,.42698547,2
8681,30,7026,7026,27/07/2019,.42698547,.42698547,21/05/2019,0,GCE,0,30,.42698547,2
8681,30,7026,7026,27/07/2019,.42698547,.42698547,22/05/2019,0,GCE,0,30,.42698547,2
8681,30,7026,7026,27/07/2019,.42698547,.42698547,23/05/2019,0,GCE,0,30,.42698547,2
8681,30,7026,7026,27/07/2019,.42698547,.42698547,24/05/2019,0,GCE,0,30,.42698547,2
8681,30,7026,7026,27/07/2019,.42698547,.42698547,29/05/2019,0,GCE,0,30,.42698547,2
8681,30,7026,7026,27/07/2019,.42698547,.42698547,30/05/2019,0,GCE,0,30,.42698547,2
8681,30,7026,7026,27/07/2019,.42698547,.42698547,31/05/2019,0,GCE,0,30,.42698547,2
8681,30,7026,7026,27/07/2019,.42698547,.42698547,03/06/2019,0,GCE,0,30,.42698547,2
8681,30,7026,7026,27/07/2019,.42698547,.42698547,04/06/2019,0,GCE,0,30,.42698547,2
8690,0,94,94,27/06/2019,0,0,20/05/2019,0,GCE,3,-3,-3.1914895,2
8690,0,94,94,27/06/2019,0,0,21/05/2019,0,GCE,5,-5,-5.319149,2
8690,0,94,94,27/06/2019,0,0,22/05/2019,0,GCE,8,-8,-8.5106382,2
8690,0,94,94,27/06/2019,0,0,23/05/2019,0,GCE,11,-11,-11.702127,2
8690,46,94,94,27/06/2019,48.936169,48.936169,24/05/2019,0,GCE,13,33,35.106384,2
8690,46,94,94,27/06/2019,48.936169,48.936169,29/05/2019,0,GCE,27,19,20.212767,2
8690,84,94,94,27/06/2019,89.361702,89.361702,30/05/2019,0,GCE,30,54,57.446808,2
8690,94,94,94,27/06/2019,100,100,31/05/2019,0,GCE,32,62,65.957443,2
8690,94,94,94,27/06/2019,100,100,03/06/2019,0,GCE,40,54,57.446808,2
8690,94,94,94,27/06/2019,100,100,04/06/2019,0,GCE,43,51,54.255318,2
8691,0,1336,1336,20/07/2019,0,0,20/05/2019,0,GCE,0,0,0,2
8691,0,1336,1336,20/07/2019,0,0,21/05/2019,0,GCE,0,0,0,2
8691,0,1336,1336,20/07/2019,0,0,22/05/2019,0,GCE,0,0,0,2
8691,0,1336,1336,20/07/2019,0,0,23/05/2019,0,GCE,0,0,0,2
8691,0,1336,1336,20/07/2019,0,0,24/05/2019,0,GCE,0,0,0,2
8691,0,1336,1336,20/07/2019,0,0,29/05/2019,0,GCE,0,0,0,2
8691,0,1336,1336,20/07/2019,0,0,30/05/2019,0,GCE,0,0,0,2
8691,0,1336,1336,20/07/2019,0,0,31/05/2019,0,GCE,0,0,0,2
8691,0,1336,1336,20/07/2019,0,0,03/06/2019,0,GCE,0,0,0,2
8691,0,1336,1336,20/07/2019,0,0,04/06/2019,0,GCE,0,0,0,2
8701,0,944,944,19/07/2019,0,0,20/05/2019,0,GCE,0,0,0,2
8701,0,944,944,19/07/2019,0,0,21/05/2019,0,GCE,0,0,0,2
8701,0,944,944,19/07/2019,0,0,22/05/2019,0,GCE,0,0,0,2
8701,0,944,944,19/07/2019,0,0,23/05/2019,0,GCE,0,0,0,2
8701,0,944,944,19/07/2019,0,0,24/05/2019,0,GCE,0,0,0,2
8701,0,944,944,19/07/2019,0,0,29/05/2019,0,GCE,0,0,0,2
8701,0,944,944,19/07/2019,0,0,30/05/2019,0,GCE,0,0,0,2
8701,0,944,944,19/07/2019,0,0,31/05/2019,0,GCE,0,0,0,2
8701,0,944,944,19/07/2019,0,0,03/06/2019,0,GCE,0,0,0,2
8701,0,944,944,19/07/2019,0,0,04/06/2019,0,GCE,0,0,0,2
8710,6,6,6,05/07/2019,100,100,20/05/2019,0,GCE,0,6,100,2
8710,6,6,6,05/07/2019,100,100,21/05/2019,0,GCE,0,6,100,2
8710,6,6,6,05/07/2019,100,100,22/05/2019,0,GCE,0,6,100,2
8710,6,6,6,05/07/2019,100,100,23/05/2019,0,GCE,0,6,100,2
8710,6,6,6,05/07/2019,100,100,24/05/2019,0,GCE,0,6,100,2
8710,6,6,6,05/07/2019,100,100,29/05/2019,0,GCE,0,6,100,2
8710,6,6,6,05/07/2019,100,100,30/05/2019,0,GCE,0,6,100,2
8710,6,6,6,05/07/2019,100,100,31/05/2019,0,GCE,0,6,100,2
8710,6,6,6,05/07/2019,100,100,03/06/2019,0,GCE,1,5,83.333336,2
8710,6,6,6,05/07/2019,100,100,04/06/2019,0,GCE,1,5,83.333336,2
8711,49,691,691,18/07/2019,7.0911722,7.0911722,20/05/2019,0,GCE,0,49,7.0911722,2
8711,49,691,691,18/07/2019,7.0911722,7.0911722,21/05/2019,0,GCE,0,49,7.0911722,2
8711,49,691,691,18/07/2019,7.0911722,7.0911722,22/05/2019,0,GCE,0,49,7.0911722,2
8711,49,691,691,18/07/2019,7.0911722,7.0911722,23/05/2019,0,GCE,0,49,7.0911722,2
8711,49,691,691,18/07/2019,7.0911722,7.0911722,24/05/2019,0,GCE,0,49,7.0911722,2
8711,49,691,691,18/07/2019,7.0911722,7.0911722,29/05/2019,0,GCE,0,49,7.0911722,2
8711,49,691,691,18/07/2019,7.0911722,7.0911722,30/05/2019,0,GCE,0,49,7.0911722,2
8711,49,691,691,18/07/2019,7.0911722,7.0911722,31/05/2019,0,GCE,0,49,7.0911722,2
8711,49,691,691,18/07/2019,7.0911722,7.0911722,03/06/2019,0,GCE,0,49,7.0911722,2
8711,49,691,691,18/07/2019,7.0911722,7.0911722,04/06/2019,0,GCE,0,49,7.0911722,2
8721,31,2204,2204,22/07/2019,1.4065336,1.4065336,20/05/2019,0,GCE,0,31,1.4065336,2
8721,31,2204,2204,22/07/2019,1.4065336,1.4065336,21/05/2019,0,GCE,0,31,1.4065336,2
8721,31,2204,2204,22/07/2019,1.4065336,1.4065336,22/05/2019,0,GCE,0,31,1.4065336,2
8721,31,2204,2204,22/07/2019,1.4065336,1.4065336,23/05/2019,0,GCE,0,31,1.4065336,2
8721,31,2204,2204,22/07/2019,1.4065336,1.4065336,24/05/2019,0,GCE,0,31,1.4065336,2
8721,31,2204,2204,22/07/2019,1.4065336,1.4065336,29/05/2019,0,GCE,0,31,1.4065336,2
8721,31,2204,2204,22/07/2019,1.4065336,1.4065336,30/05/2019,0,GCE,0,31,1.4065336,2
8721,31,2204,2204,22/07/2019,1.4065336,1.4065336,31/05/2019,0,GCE,0,31,1.4065336,2
8721,31,2204,2204,22/07/2019,1.4065336,1.4065336,03/06/2019,0,GCE,0,31,1.4065336,2
8721,31,2204,2204,22/07/2019,1.4065336,1.4065336,04/06/2019,0,GCE,0,31,1.4065336,2
8800,0,48,48,09/07/2019,0,0,20/05/2019,0,GCE,0,0,0,2
8800,0,48,48,09/07/2019,0,0,21/05/2019,0,GCE,0,0,0,2
8800,0,48,48,09/07/2019,0,0,22/05/2019,0,GCE,0,0,0,2
8800,0,48,48,09/07/2019,0,0,23/05/2019,0,GCE,0,0,0,2
8800,0,48,48,09/07/2019,0,0,24/05/2019,0,GCE,0,0,0,2
8800,0,48,48,09/07/2019,0,0,29/05/2019,0,GCE,0,0,0,2
8800,0,48,48,09/07/2019,0,0,30/05/2019,0,GCE,0,0,0,2
8800,0,48,48,09/07/2019,0,0,31/05/2019,0,GCE,0,0,0,2
8800,0,48,48,09/07/2019,0,0,03/06/2019,0,GCE,0,0,0,2
8800,0,48,48,09/07/2019,0,0,04/06/2019,0,GCE,0,0,0,2
8801,0,144,144,25/07/2019,0,0,20/05/2019,0,GCE,0,0,0,2
8801,0,144,144,25/07/2019,0,0,21/05/2019,0,GCE,0,0,0,2
8801,0,144,144,25/07/2019,0,0,22/05/2019,0,GCE,0,0,0,2
8801,0,144,144,25/07/2019,0,0,23/05/2019,0,GCE,0,0,0,2
8801,0,144,144,25/07/2019,0,0,24/05/2019,0,GCE,0,0,0,2
8801,0,144,144,25/07/2019,0,0,29/05/2019,0,GCE,0,0,0,2
8801,0,144,144,25/07/2019,0,0,30/05/2019,0,GCE,0,0,0,2
8801,0,144,144,25/07/2019,0,0,31/05/2019,0,GCE,0,0,0,2
8801,0,144,144,25/07/2019,0,0,03/06/2019,0,GCE,0,0,0,2
8801,0,144,144,25/07/2019,0,0,04/06/2019,0,GCE,0,0,0,2
8810,0,6,6,09/07/2019,0,0,20/05/2019,0,GCE,0,0,0,2
8810,0,6,6,09/07/2019,0,0,21/05/2019,0,GCE,0,0,0,2
8810,0,6,6,09/07/2019,0,0,22/05/2019,0,GCE,0,0,0,2
8810,0,6,6,09/07/2019,0,0,23/05/2019,0,GCE,0,0,0,2
8810,0,6,6,09/07/2019,0,0,24/05/2019,0,GCE,0,0,0,2
8810,0,6,6,09/07/2019,0,0,29/05/2019,0,GCE,1,-1,-16.666666,2
8810,0,6,6,09/07/2019,0,0,30/05/2019,0,GCE,1,-1,-16.666666,2
8810,0,6,6,09/07/2019,0,0,31/05/2019,0,GCE,1,-1,-16.666666,2
8810,0,6,6,09/07/2019,0,0,03/06/2019,0,GCE,1,-1,-16.666666,2
8810,0,6,6,09/07/2019,0,0,04/06/2019,0,GCE,1,-1,-16.666666,2
8811,0,100,100,25/07/2019,0,0,20/05/2019,0,GCE,0,0,0,2
8811,0,100,100,25/07/2019,0,0,21/05/2019,0,GCE,0,0,0,2
8811,0,100,100,25/07/2019,0,0,22/05/2019,0,GCE,0,0,0,2
8811,0,100,100,25/07/2019,0,0,23/05/2019,0,GCE,0,0,0,2
8811,0,100,100,25/07/2019,0,0,24/05/2019,0,GCE,0,0,0,2
8811,0,100,100,25/07/2019,0,0,29/05/2019,0,GCE,0,0,0,2
8811,0,100,100,25/07/2019,0,0,30/05/2019,0,GCE,0,0,0,2
8811,0,100,100,25/07/2019,0,0,31/05/2019,0,GCE,0,0,0,2
8811,0,100,100,25/07/2019,0,0,03/06/2019,0,GCE,0,0,0,2
8811,0,100,100,25/07/2019,0,0,04/06/2019,0,GCE,0,0,0,2
8820,0,11,11,09/07/2019,0,0,20/05/2019,0,GCE,0,0,0,2
8820,0,11,11,09/07/2019,0,0,21/05/2019,0,GCE,0,0,0,2
8820,0,11,11,09/07/2019,0,0,22/05/2019,0,GCE,0,0,0,2
8820,0,11,11,09/07/2019,0,0,23/05/2019,0,GCE,0,0,0,2
8820,0,11,11,09/07/2019,0,0,24/05/2019,0,GCE,0,0,0,2
8820,0,11,11,09/07/2019,0,0,29/05/2019,0,GCE,1,-1,-9.090909,2
8820,0,11,11,09/07/2019,0,0,30/05/2019,0,GCE,1,-1,-9.090909,2
8820,0,11,11,09/07/2019,0,0,31/05/2019,0,GCE,1,-1,-9.090909,2
8820,0,11,11,09/07/2019,0,0,03/06/2019,0,GCE,2,-2,-18.181818,2
8820,0,11,11,09/07/2019,0,0,04/06/2019,0,GCE,2,-2,-18.181818,2
8821,0,6,6,25/07/2019,0,0,20/05/2019,0,GCE,0,0,0,2
8821,0,6,6,25/07/2019,0,0,21/05/2019,0,GCE,0,0,0,2
8821,0,6,6,25/07/2019,0,0,22/05/2019,0,GCE,0,0,0,2
8821,0,6,6,25/07/2019,0,0,23/05/2019,0,GCE,0,0,0,2
8821,0,6,6,25/07/2019,0,0,24/05/2019,0,GCE,0,0,0,2
8821,0,6,6,25/07/2019,0,0,29/05/2019,0,GCE,0,0,0,2
8821,0,6,6,25/07/2019,0,0,30/05/2019,0,GCE,0,0,0,2
8821,0,6,6,25/07/2019,0,0,31/05/2019,0,GCE,0,0,0,2
8821,0,6,6,25/07/2019,0,0,03/06/2019,0,GCE,0,0,0,2
8821,0,6,6,25/07/2019,0,0,04/06/2019,0,GCE,0,0,0,2
8950,0,18,18,24/07/2019,0,0,20/05/2019,0,GCE,0,0,0,2
8950,0,18,18,24/07/2019,0,0,21/05/2019,0,GCE,0,0,0,2
8950,0,18,18,24/07/2019,0,0,22/05/2019,0,GCE,0,0,0,2
8950,0,18,18,24/07/2019,0,0,23/05/2019,0,GCE,0,0,0,2
8950,18,18,18,24/07/2019,100,100,24/05/2019,0,GCE,0,18,100,2
8950,18,18,18,24/07/2019,100,100,29/05/2019,0,GCE,0,18,100,2
8950,18,18,18,24/07/2019,100,100,30/05/2019,0,GCE,0,18,100,2
8950,18,18,18,24/07/2019,100,100,31/05/2019,0,GCE,0,18,100,2
8950,18,18,18,24/07/2019,100,100,03/06/2019,0,GCE,0,18,100,2
8950,18,18,18,24/07/2019,100,100,04/06/2019,0,GCE,0,18,100,2
8951,0,5,5,24/07/2019,0,0,20/05/2019,0,GCE,0,0,0,2
8951,0,5,5,24/07/2019,0,0,21/05/2019,0,GCE,0,0,0,2
8951,0,5,5,24/07/2019,0,0,22/05/2019,0,GCE,0,0,0,2
8951,0,5,5,24/07/2019,0,0,23/05/2019,0,GCE,0,0,0,2
8951,0,5,5,24/07/2019,0,0,24/05/2019,0,GCE,0,0,0,2
8951,0,5,5,24/07/2019,0,0,29/05/2019,0,GCE,0,0,0,2
8951,0,5,5,24/07/2019,0,0,30/05/2019,0,GCE,0,0,0,2
8951,5,5,5,24/07/2019,100,100,31/05/2019,0,GCE,0,5,100,2
8951,5,5,5,24/07/2019,100,100,03/06/2019,0,GCE,0,5,100,2
8951,5,5,5,24/07/2019,100,100,04/06/2019,0,GCE,0,5,100,2
8953,0,9,9,24/07/2019,0,0,20/05/2019,0,GCE,0,0,0,2
8953,0,9,9,24/07/2019,0,0,21/05/2019,0,GCE,0,0,0,2
8953,0,9,9,24/07/2019,0,0,22/05/2019,0,GCE,0,0,0,2
8953,0,9,9,24/07/2019,0,0,23/05/2019,0,GCE,0,0,0,2
8953,9,9,9,24/07/2019,100,100,24/05/2019,0,GCE,0,9,100,2
8953,9,9,9,24/07/2019,100,100,29/05/2019,0,GCE,0,9,100,2
8953,9,9,9,24/07/2019,100,100,30/05/2019,0,GCE,0,9,100,2
8953,9,9,9,24/07/2019,100,100,31/05/2019,0,GCE,0,9,100,2
8953,9,9,9,24/07/2019,100,100,03/06/2019,0,GCE,0,9,100,2
8953,9,9,9,24/07/2019,100,100,04/06/2019,0,GCE,0,9,100,2
8954,0,6,6,24/07/2019,0,0,20/05/2019,0,GCE,0,0,0,2
8954,0,6,6,24/07/2019,0,0,21/05/2019,0,GCE,0,0,0,2
8954,0,6,6,24/07/2019,0,0,22/05/2019,0,GCE,0,0,0,2
8954,0,6,6,24/07/2019,0,0,23/05/2019,0,GCE,0,0,0,2
8954,0,6,6,24/07/2019,0,0,24/05/2019,0,GCE,0,0,0,2
8954,0,6,6,24/07/2019,0,0,29/05/2019,0,GCE,0,0,0,2
8954,0,6,6,24/07/2019,0,0,30/05/2019,0,GCE,0,0,0,2
8954,6,6,6,24/07/2019,100,100,31/05/2019,0,GCE,0,6,100,2
8954,6,6,6,24/07/2019,100,100,03/06/2019,0,GCE,0,6,100,2
8954,6,6,6,24/07/2019,100,100,04/06/2019,0,GCE,0,6,100,2
8956,0,37,37,24/07/2019,0,0,20/05/2019,0,GCE,0,0,0,2
8956,0,37,37,24/07/2019,0,0,21/05/2019,0,GCE,0,0,0,2
8956,0,37,37,24/07/2019,0,0,22/05/2019,0,GCE,0,0,0,2
8956,0,37,37,24/07/2019,0,0,23/05/2019,0,GCE,0,0,0,2
8956,23,37,37,24/07/2019,62.162163,62.162163,24/05/2019,0,GCE,0,23,62.162163,2
8956,23,37,37,24/07/2019,62.162163,62.162163,29/05/2019,0,GCE,0,23,62.162163,2
8956,23,37,37,24/07/2019,62.162163,62.162163,30/05/2019,0,GCE,0,23,62.162163,2
8956,37,37,37,24/07/2019,100,100,31/05/2019,0,GCE,0,37,100,2
8956,37,37,37,24/07/2019,100,100,03/06/2019,0,GCE,0,37,100,2
8956,37,37,37,24/07/2019,100,100,04/06/2019,0,GCE,0,37,100,2
3000,0,5204,5204,04/07/2019,0,0,20/05/2019,0,GCSE,0,0,0,1
3000,0,5204,5204,04/07/2019,0,0,21/05/2019,0,GCSE,0,0,0,1
3000,0,5204,5204,04/07/2019,0,0,22/05/2019,0,GCSE,130,-130,-2.4980783,1
3000,0,5204,5204,04/07/2019,0,0,23/05/2019,0,GCSE,260,-260,-4.9961567,1
3000,15,5204,5204,04/07/2019,.28823981,.28823981,24/05/2019,0,GCSE,390,-375,-7.2059956,1
3000,15,5204,5204,04/07/2019,.28823981,.28823981,29/05/2019,0,GCSE,1041,-1026,-19.715603,1
3000,15,5204,5204,04/07/2019,.28823981,.28823981,30/05/2019,0,GCSE,1171,-1156,-22.213682,1
3000,16,5204,5204,04/07/2019,.30745581,.30745581,31/05/2019,0,GCSE,1301,-1285,-24.692545,1
3000,16,5204,5204,04/07/2019,.30745581,.30745581,03/06/2019,0,GCSE,1691,-1675,-32.186779,1
3000,16,5204,5204,04/07/2019,.30745581,.30745581,04/06/2019,0,GCSE,1821,-1805,-34.684856,1
3000,2454,5204,5204,04/07/2019,47.156033,47.156033,05/06/2019,0,GCSE,1952,502,9.6464262,1
3000,2727,5204,5204,04/07/2019,52.401997,52.401997,06/06/2019,0,GCSE,2082,645,12.394312,1
3110,1,7246,7246,16/07/2019,.013800718,.013800718,20/05/2019,0,GCSE,0,1,.013800718,1
3110,1,7246,7246,16/07/2019,.013800718,.013800718,21/05/2019,0,GCSE,0,1,.013800718,1
3110,1,7246,7246,16/07/2019,.013800718,.013800718,22/05/2019,0,GCSE,0,1,.013800718,1
3110,1,7246,7246,16/07/2019,.013800718,.013800718,23/05/2019,0,GCSE,0,1,.013800718,1
3110,1,7246,7246,16/07/2019,.013800718,.013800718,24/05/2019,0,GCSE,0,1,.013800718,1
3110,1,7246,7246,16/07/2019,.013800718,.013800718,29/05/2019,0,GCSE,0,1,.013800718,1
3110,1,7246,7246,16/07/2019,.013800718,.013800718,30/05/2019,0,GCSE,0,1,.013800718,1
3110,1,7246,7246,16/07/2019,.013800718,.013800718,31/05/2019,0,GCSE,0,1,.013800718,1
3110,1,7246,7246,16/07/2019,.013800718,.013800718,03/06/2019,0,GCSE,0,1,.013800718,1
3110,1,7246,7246,16/07/2019,.013800718,.013800718,04/06/2019,0,GCSE,0,1,.013800718,1
3110,1,7246,7246,16/07/2019,.013800718,.013800718,05/06/2019,0,GCSE,0,1,.013800718,1
3110,1,7246,7246,16/07/2019,.013800718,.013800718,06/06/2019,0,GCSE,0,1,.013800718,1
3300,284,284,284,15/07/2019,100,100,20/05/2019,0,GCSE,0,284,100,1
3300,284,284,284,15/07/2019,100,100,21/05/2019,0,GCSE,0,284,100,1
3300,284,284,284,15/07/2019,100,100,22/05/2019,0,GCSE,0,284,100,1
3300,284,284,284,15/07/2019,100,100,23/05/2019,0,GCSE,0,284,100,1
3300,284,284,284,15/07/2019,100,100,24/05/2019,0,GCSE,0,284,100,1
3300,284,284,284,15/07/2019,100,100,29/05/2019,0,GCSE,0,284,100,1
3300,284,284,284,15/07/2019,100,100,30/05/2019,0,GCSE,0,284,100,1
3300,284,284,284,15/07/2019,100,100,31/05/2019,0,GCSE,0,284,100,1
3300,284,284,284,15/07/2019,100,100,03/06/2019,0,GCSE,0,284,100,1
3300,284,284,284,15/07/2019,100,100,04/06/2019,0,GCSE,0,284,100,1
3300,284,284,284,15/07/2019,100,100,05/06/2019,0,GCSE,0,284,100,1
3300,284,284,284,15/07/2019,100,100,06/06/2019,0,GCSE,0,284,100,1
3310,5,5,5,04/07/2019,100,100,20/05/2019,0,GCSE,0,5,100,1
3310,5,5,5,04/07/2019,100,100,21/05/2019,0,GCSE,0,5,100,1
3310,5,5,5,04/07/2019,100,100,22/05/2019,0,GCSE,0,5,100,1
3310,5,5,5,04/07/2019,100,100,23/05/2019,0,GCSE,0,5,100,1
3310,5,5,5,04/07/2019,100,100,24/05/2019,0,GCSE,0,5,100,1
3310,5,5,5,04/07/2019,100,100,29/05/2019,0,GCSE,1,4,80,1
3310,5,5,5,04/07/2019,100,100,30/05/2019,0,GCSE,1,4,80,1
3310,5,5,5,04/07/2019,100,100,31/05/2019,0,GCSE,1,4,80,1
3310,5,5,5,04/07/2019,100,100,03/06/2019,0,GCSE,2,3,60,1
3310,5,5,5,04/07/2019,100,100,04/06/2019,0,GCSE,2,3,60,1
3310,5,5,5,04/07/2019,100,100,05/06/2019,0,GCSE,2,3,60,1
3310,5,5,5,04/07/2019,100,100,06/06/2019,0,GCSE,2,3,60,1
3500,0,1883,1883,27/06/2019,0,0,20/05/2019,0,GCSE,0,0,0,1
3500,0,1883,1883,27/06/2019,0,0,21/05/2019,0,GCSE,0,0,0,1
3500,0,1883,1883,27/06/2019,0,0,22/05/2019,0,GCSE,0,0,0,1
3500,0,1883,1883,27/06/2019,0,0,23/05/2019,0,GCSE,0,0,0,1
3500,0,1883,1883,27/06/2019,0,0,24/05/2019,0,GCSE,0,0,0,1
3500,0,1883,1883,27/06/2019,0,0,29/05/2019,0,GCSE,260,-260,-13.807754,1
3500,0,1883,1883,27/06/2019,0,0,30/05/2019,0,GCSE,325,-325,-17.259691,1
3500,0,1883,1883,27/06/2019,0,0,31/05/2019,0,GCSE,390,-390,-20.71163,1
3500,0,1883,1883,27/06/2019,0,0,03/06/2019,0,GCSE,584,-584,-31.014339,1
3500,0,1883,1883,27/06/2019,0,0,04/06/2019,0,GCSE,649,-649,-34.466278,1
3500,0,1883,1883,27/06/2019,0,0,05/06/2019,0,GCSE,714,-714,-37.918217,1
3500,0,1883,1883,27/06/2019,0,0,06/06/2019,0,GCSE,779,-779,-41.370155,1
3551,0,6593,6593,03/07/2019,0,0,20/05/2019,0,GCSE,0,0,0,1
3551,0,6593,6593,03/07/2019,0,0,21/05/2019,0,GCSE,0,0,0,1
3551,0,6593,6593,03/07/2019,0,0,22/05/2019,0,GCSE,0,0,0,1
3551,0,6593,6593,03/07/2019,0,0,23/05/2019,0,GCSE,0,0,0,1
3551,6,6593,6593,03/07/2019,.091005608,.091005608,24/05/2019,0,GCSE,0,6,.091005608,1
3551,6,6593,6593,03/07/2019,.091005608,.091005608,29/05/2019,0,GCSE,400,-394,-5.9760351,1
3551,10,6593,6593,03/07/2019,.15167601,.15167601,30/05/2019,0,GCSE,599,-589,-8.9337177,1
3551,10,6593,6593,03/07/2019,.15167601,.15167601,31/05/2019,0,GCSE,799,-789,-11.967238,1
3551,24,6593,6593,03/07/2019,.36402243,.36402243,03/06/2019,0,GCSE,1399,-1375,-20.855453,1
3551,24,6593,6593,03/07/2019,.36402243,.36402243,04/06/2019,0,GCSE,1598,-1574,-23.873806,1
3551,24,6593,6593,03/07/2019,.36402243,.36402243,05/06/2019,0,GCSE,1798,-1774,-26.907326,1
3551,40,6593,6593,03/07/2019,.60670406,.60670406,06/06/2019,0,GCSE,1998,-1958,-29.698164,1
3555,0,439,439,03/07/2019,0,0,20/05/2019,0,GCSE,0,0,0,1
3555,0,439,439,03/07/2019,0,0,21/05/2019,0,GCSE,0,0,0,1
3555,0,439,439,03/07/2019,0,0,22/05/2019,0,GCSE,0,0,0,1
3555,0,439,439,03/07/2019,0,0,23/05/2019,0,GCSE,0,0,0,1
3555,0,439,439,03/07/2019,0,0,24/05/2019,0,GCSE,0,0,0,1
3555,0,439,439,03/07/2019,0,0,29/05/2019,0,GCSE,61,-61,-13.895216,1
3555,39,439,439,03/07/2019,8.8838272,8.8838272,30/05/2019,0,GCSE,73,-34,-7.7448745,1
3555,191,439,439,03/07/2019,43.507973,43.507973,31/05/2019,0,GCSE,85,106,24.145786,1
3555,236,439,439,03/07/2019,53.758541,53.758541,03/06/2019,0,GCSE,122,114,25.968109,1
3555,246,439,439,03/07/2019,56.036446,56.036446,04/06/2019,0,GCSE,134,112,25.512529,1
3555,246,439,439,03/07/2019,56.036446,56.036446,05/06/2019,0,GCSE,146,100,22.779043,1
3555,246,439,439,03/07/2019,56.036446,56.036446,06/06/2019,0,GCSE,159,87,19.817768,1
3560,0,2138,2138,19/07/2019,0,0,20/05/2019,0,GCSE,0,0,0,1
3560,0,2138,2138,19/07/2019,0,0,21/05/2019,0,GCSE,0,0,0,1
3560,0,2138,2138,19/07/2019,0,0,22/05/2019,0,GCSE,0,0,0,1
3560,0,2138,2138,19/07/2019,0,0,23/05/2019,0,GCSE,0,0,0,1
3560,0,2138,2138,19/07/2019,0,0,24/05/2019,0,GCSE,0,0,0,1
3560,0,2138,2138,19/07/2019,0,0,29/05/2019,0,GCSE,0,0,0,1
3560,0,2138,2138,19/07/2019,0,0,30/05/2019,0,GCSE,0,0,0,1
3560,0,2138,2138,19/07/2019,0,0,31/05/2019,0,GCSE,0,0,0,1
3560,0,2138,2138,19/07/2019,0,0,03/06/2019,0,GCSE,0,0,0,1
3560,0,2138,2138,19/07/2019,0,0,04/06/2019,0,GCSE,0,0,0,1
3560,0,2138,2138,19/07/2019,0,0,05/06/2019,0,GCSE,0,0,0,1
3560,0,2138,2138,19/07/2019,0,0,06/06/2019,0,GCSE,0,0,0,1
3603,0,453,453,11/07/2019,0,0,20/05/2019,0,GCSE,0,0,0,1
3603,0,453,453,11/07/2019,0,0,21/05/2019,0,GCSE,0,0,0,1
3603,0,453,453,11/07/2019,0,0,22/05/2019,0,GCSE,0,0,0,1
3603,0,453,453,11/07/2019,0,0,23/05/2019,0,GCSE,0,0,0,1
3603,0,453,453,11/07/2019,0,0,24/05/2019,0,GCSE,0,0,0,1
3603,0,453,453,11/07/2019,0,0,29/05/2019,0,GCSE,0,0,0,1
3603,0,453,453,11/07/2019,0,0,30/05/2019,0,GCSE,0,0,0,1
3603,0,453,453,11/07/2019,0,0,31/05/2019,0,GCSE,0,0,0,1
3603,0,453,453,11/07/2019,0,0,03/06/2019,0,GCSE,0,0,0,1
3603,0,453,453,11/07/2019,0,0,04/06/2019,0,GCSE,0,0,0,1
3603,0,453,453,11/07/2019,0,0,05/06/2019,0,GCSE,0,0,0,1
3603,0,453,453,11/07/2019,0,0,06/06/2019,0,GCSE,0,0,0,1
3604,0,461,461,11/07/2019,0,0,20/05/2019,0,GCSE,0,0,0,1
3604,0,461,461,11/07/2019,0,0,21/05/2019,0,GCSE,0,0,0,1
3604,0,461,461,11/07/2019,0,0,22/05/2019,0,GCSE,0,0,0,1
3604,0,461,461,11/07/2019,0,0,23/05/2019,0,GCSE,0,0,0,1
3604,0,461,461,11/07/2019,0,0,24/05/2019,0,GCSE,0,0,0,1
3604,0,461,461,11/07/2019,0,0,29/05/2019,0,GCSE,0,0,0,1
3604,0,461,461,11/07/2019,0,0,30/05/2019,0,GCSE,0,0,0,1
3604,0,461,461,11/07/2019,0,0,31/05/2019,0,GCSE,0,0,0,1
3604,0,461,461,11/07/2019,0,0,03/06/2019,0,GCSE,0,0,0,1
3604,0,461,461,11/07/2019,0,0,04/06/2019,0,GCSE,0,0,0,1
3604,0,461,461,11/07/2019,0,0,05/06/2019,0,GCSE,0,0,0,1
3604,0,461,461,11/07/2019,0,0,06/06/2019,0,GCSE,0,0,0,1
3605,0,4112,4112,11/07/2019,0,0,20/05/2019,0,GCSE,0,0,0,1
3605,0,4112,4112,11/07/2019,0,0,21/05/2019,0,GCSE,0,0,0,1
3605,0,4112,4112,11/07/2019,0,0,22/05/2019,0,GCSE,0,0,0,1
3605,0,4112,4112,11/07/2019,0,0,23/05/2019,0,GCSE,0,0,0,1
3605,0,4112,4112,11/07/2019,0,0,24/05/2019,0,GCSE,0,0,0,1
3605,0,4112,4112,11/07/2019,0,0,29/05/2019,0,GCSE,0,0,0,1
3605,0,4112,4112,11/07/2019,0,0,30/05/2019,0,GCSE,0,0,0,1
3605,0,4112,4112,11/07/2019,0,0,31/05/2019,0,GCSE,0,0,0,1
3605,0,4112,4112,11/07/2019,0,0,03/06/2019,0,GCSE,0,0,0,1
3605,0,4112,4112,11/07/2019,0,0,04/06/2019,0,GCSE,0,0,0,1
3605,0,4112,4112,11/07/2019,0,0,05/06/2019,0,GCSE,0,0,0,1
3605,0,4112,4112,11/07/2019,0,0,06/06/2019,0,GCSE,0,0,0,1
3650,1065,1189,1189,12/07/2019,89.571068,89.571068,20/05/2019,0,GCSE,0,1065,89.571068,1
3650,1065,1189,1189,12/07/2019,89.571068,89.571068,21/05/2019,0,GCSE,0,1065,89.571068,1
3650,1065,1189,1189,12/07/2019,89.571068,89.571068,22/05/2019,0,GCSE,0,1065,89.571068,1
3650,1065,1189,1189,12/07/2019,89.571068,89.571068,23/05/2019,0,GCSE,0,1065,89.571068,1
3650,1103,1189,1189,12/07/2019,92.767029,92.767029,24/05/2019,0,GCSE,0,1103,92.767029,1
3650,1189,1189,1189,12/07/2019,100,100,29/05/2019,0,GCSE,132,1057,88.898232,1
3650,1189,1189,1189,12/07/2019,100,100,30/05/2019,0,GCSE,159,1030,86.627419,1
3650,1189,1189,1189,12/07/2019,100,100,31/05/2019,0,GCSE,185,1004,84.440704,1
3650,1189,1189,1189,12/07/2019,100,100,03/06/2019,0,GCSE,264,925,77.796471,1
3650,1189,1189,1189,12/07/2019,100,100,04/06/2019,0,GCSE,291,898,75.52565,1
3650,1189,1189,1189,12/07/2019,100,100,05/06/2019,0,GCSE,317,872,73.338943,1
3650,1189,1189,1189,12/07/2019,100,100,06/06/2019,0,GCSE,343,846,71.152229,1
3651,123,223,223,12/07/2019,55.156952,55.156952,20/05/2019,0,GCSE,0,123,55.156952,1
3651,123,223,223,12/07/2019,55.156952,55.156952,21/05/2019,0,GCSE,0,123,55.156952,1
3651,123,223,223,12/07/2019,55.156952,55.156952,22/05/2019,0,GCSE,0,123,55.156952,1
3651,123,223,223,12/07/2019,55.156952,55.156952,23/05/2019,0,GCSE,0,123,55.156952,1
3651,162,223,223,12/07/2019,72.645737,72.645737,24/05/2019,0,GCSE,0,162,72.645737,1
3651,223,223,223,12/07/2019,100,100,29/05/2019,0,GCSE,25,198,88.789238,1
3651,223,223,223,12/07/2019,100,100,30/05/2019,0,GCSE,30,193,86.547089,1
3651,223,223,223,12/07/2019,100,100,31/05/2019,0,GCSE,35,188,84.304932,1
3651,223,223,223,12/07/2019,100,100,03/06/2019,0,GCSE,50,173,77.578476,1
3651,223,223,223,12/07/2019,100,100,04/06/2019,0,GCSE,55,168,75.336327,1
3651,223,223,223,12/07/2019,100,100,05/06/2019,0,GCSE,59,164,73.542603,1
3651,223,223,223,12/07/2019,100,100,06/06/2019,0,GCSE,64,159,71.300446,1
3653,0,56,56,12/07/2019,0,0,20/05/2019,0,GCSE,0,0,0,1
3653,0,56,56,12/07/2019,0,0,21/05/2019,0,GCSE,0,0,0,1
3653,0,56,56,12/07/2019,0,0,22/05/2019,0,GCSE,0,0,0,1
3653,0,56,56,12/07/2019,0,0,23/05/2019,0,GCSE,0,0,0,1
3653,50,56,56,12/07/2019,89.285713,89.285713,24/05/2019,0,GCSE,0,50,89.285713,1
3653,56,56,56,12/07/2019,100,100,29/05/2019,0,GCSE,6,50,89.285713,1
3653,56,56,56,12/07/2019,100,100,30/05/2019,0,GCSE,7,49,87.5,1
3653,56,56,56,12/07/2019,100,100,31/05/2019,0,GCSE,9,47,83.928574,1
3653,56,56,56,12/07/2019,100,100,03/06/2019,0,GCSE,12,44,78.571426,1
3653,56,56,56,12/07/2019,100,100,04/06/2019,0,GCSE,14,42,75,1
3653,56,56,56,12/07/2019,100,100,05/06/2019,0,GCSE,15,41,73.214287,1
3653,56,56,56,12/07/2019,100,100,06/06/2019,0,GCSE,16,40,71.428574,1
3654,22,22,22,12/07/2019,100,100,20/05/2019,0,GCSE,0,22,100,1
3654,22,22,22,12/07/2019,100,100,21/05/2019,0,GCSE,0,22,100,1
3654,22,22,22,12/07/2019,100,100,22/05/2019,0,GCSE,0,22,100,1
3654,22,22,22,12/07/2019,100,100,23/05/2019,0,GCSE,0,22,100,1
3654,22,22,22,12/07/2019,100,100,24/05/2019,0,GCSE,0,22,100,1
3654,22,22,22,12/07/2019,100,100,29/05/2019,0,GCSE,2,20,90.909088,1
3654,22,22,22,12/07/2019,100,100,30/05/2019,0,GCSE,3,19,86.36364,1
3654,22,22,22,12/07/2019,100,100,31/05/2019,0,GCSE,3,19,86.36364,1
3654,22,22,22,12/07/2019,100,100,03/06/2019,0,GCSE,5,17,77.272728,1
3654,22,22,22,12/07/2019,100,100,04/06/2019,0,GCSE,5,17,77.272728,1
3654,22,22,22,12/07/2019,100,100,05/06/2019,0,GCSE,6,16,72.727272,1
3654,22,22,22,12/07/2019,100,100,06/06/2019,0,GCSE,6,16,72.727272,1
3655,11,11,11,12/07/2019,100,100,20/05/2019,0,GCSE,0,11,100,1
3655,11,11,11,12/07/2019,100,100,21/05/2019,0,GCSE,0,11,100,1
3655,11,11,11,12/07/2019,100,100,22/05/2019,0,GCSE,0,11,100,1
3655,11,11,11,12/07/2019,100,100,23/05/2019,0,GCSE,0,11,100,1
3655,11,11,11,12/07/2019,100,100,24/05/2019,0,GCSE,0,11,100,1
3655,11,11,11,12/07/2019,100,100,29/05/2019,0,GCSE,1,10,90.909088,1
3655,11,11,11,12/07/2019,100,100,30/05/2019,0,GCSE,1,10,90.909088,1
3655,11,11,11,12/07/2019,100,100,31/05/2019,0,GCSE,2,9,81.818184,1
3655,11,11,11,12/07/2019,100,100,03/06/2019,0,GCSE,2,9,81.818184,1
3655,11,11,11,12/07/2019,100,100,04/06/2019,0,GCSE,3,8,72.727272,1
3655,11,11,11,12/07/2019,100,100,05/06/2019,0,GCSE,3,8,72.727272,1
3655,11,11,11,12/07/2019,100,100,06/06/2019,0,GCSE,3,8,72.727272,1
3656,150,171,171,12/07/2019,87.719299,87.719299,20/05/2019,0,GCSE,0,150,87.719299,1
3656,150,171,171,12/07/2019,87.719299,87.719299,21/05/2019,0,GCSE,0,150,87.719299,1
3656,150,171,171,12/07/2019,87.719299,87.719299,22/05/2019,0,GCSE,0,150,87.719299,1
3656,150,171,171,12/07/2019,87.719299,87.719299,23/05/2019,0,GCSE,0,150,87.719299,1
3656,171,171,171,12/07/2019,100,100,24/05/2019,0,GCSE,0,171,100,1
3656,171,171,171,12/07/2019,100,100,29/05/2019,0,GCSE,19,152,88.888885,1
3656,171,171,171,12/07/2019,100,100,30/05/2019,0,GCSE,23,148,86.549706,1
3656,171,171,171,12/07/2019,100,100,31/05/2019,0,GCSE,27,144,84.210526,1
3656,171,171,171,12/07/2019,100,100,03/06/2019,0,GCSE,38,133,77.777779,1
3656,171,171,171,12/07/2019,100,100,04/06/2019,0,GCSE,42,129,75.438599,1
3656,171,171,171,12/07/2019,100,100,05/06/2019,0,GCSE,46,125,73.099419,1
3656,171,171,171,12/07/2019,100,100,06/06/2019,0,GCSE,49,122,71.345032,1
3660,1,2140,2140,15/07/2019,.046728972,.046728972,20/05/2019,0,GCSE,0,1,.046728972,1
3660,1,2140,2140,15/07/2019,.046728972,.046728972,21/05/2019,0,GCSE,0,1,.046728972,1
3660,1,2140,2140,15/07/2019,.046728972,.046728972,22/05/2019,0,GCSE,0,1,.046728972,1
3660,1,2140,2140,15/07/2019,.046728972,.046728972,23/05/2019,0,GCSE,0,1,.046728972,1
3660,1,2140,2140,15/07/2019,.046728972,.046728972,24/05/2019,0,GCSE,0,1,.046728972,1
3660,1,2140,2140,15/07/2019,.046728972,.046728972,29/05/2019,0,GCSE,0,1,.046728972,1
3660,1,2140,2140,15/07/2019,.046728972,.046728972,30/05/2019,0,GCSE,0,1,.046728972,1
3660,1,2140,2140,15/07/2019,.046728972,.046728972,31/05/2019,0,GCSE,0,1,.046728972,1
3660,1,2140,2140,15/07/2019,.046728972,.046728972,03/06/2019,0,GCSE,0,1,.046728972,1
3660,1,2140,2140,15/07/2019,.046728972,.046728972,04/06/2019,0,GCSE,0,1,.046728972,1
3660,1,2140,2140,15/07/2019,.046728972,.046728972,05/06/2019,0,GCSE,0,1,.046728972,1
3660,1,2140,2140,15/07/2019,.046728972,.046728972,06/06/2019,0,GCSE,0,1,.046728972,1
3680,1,1441,1441,29/07/2019,.06939625,.06939625,20/05/2019,0,GCSE,0,1,.06939625,1
3680,1,1441,1441,29/07/2019,.06939625,.06939625,21/05/2019,0,GCSE,0,1,.06939625,1
3680,1,1441,1441,29/07/2019,.06939625,.06939625,22/05/2019,0,GCSE,0,1,.06939625,1
3680,1,1441,1441,29/07/2019,.06939625,.06939625,23/05/2019,0,GCSE,0,1,.06939625,1
3680,1,1441,1441,29/07/2019,.06939625,.06939625,24/05/2019,0,GCSE,0,1,.06939625,1
3680,1,1441,1441,29/07/2019,.06939625,.06939625,29/05/2019,0,GCSE,0,1,.06939625,1
3680,1,1441,1441,29/07/2019,.06939625,.06939625,30/05/2019,0,GCSE,0,1,.06939625,1
3680,1,1441,1441,29/07/2019,.06939625,.06939625,31/05/2019,0,GCSE,0,1,.06939625,1
3680,1,1441,1441,29/07/2019,.06939625,.06939625,03/06/2019,0,GCSE,0,1,.06939625,1
3680,1,1441,1441,29/07/2019,.06939625,.06939625,04/06/2019,0,GCSE,0,1,.06939625,1
3680,1,1441,1441,29/07/2019,.06939625,.06939625,05/06/2019,0,GCSE,0,1,.06939625,1
3680,1,1441,1441,29/07/2019,.06939625,.06939625,06/06/2019,0,GCSE,0,1,.06939625,1
3690,0,2328,2328,02/07/2019,0,0,20/05/2019,0,GCSE,0,0,0,1
3690,0,2328,2328,02/07/2019,0,0,21/05/2019,0,GCSE,0,0,0,1
3690,0,2328,2328,02/07/2019,0,0,22/05/2019,0,GCSE,0,0,0,1
3690,0,2328,2328,02/07/2019,0,0,23/05/2019,0,GCSE,0,0,0,1
3690,0,2328,2328,02/07/2019,0,0,24/05/2019,0,GCSE,0,0,0,1
3690,0,2328,2328,02/07/2019,0,0,29/05/2019,0,GCSE,333,-333,-14.304124,1
3690,266,2328,2328,02/07/2019,11.426117,11.426117,30/05/2019,0,GCSE,399,-133,-5.7130585,1
3690,427,2328,2328,02/07/2019,18.341925,18.341925,31/05/2019,0,GCSE,466,-39,-1.6752577,1
3690,683,2328,2328,02/07/2019,29.338488,29.338488,03/06/2019,0,GCSE,665,18,.77319586,1
3690,823,2328,2328,02/07/2019,35.352234,35.352234,04/06/2019,0,GCSE,732,91,3.9089346,1
3690,1043,2328,2328,02/07/2019,44.802406,44.802406,05/06/2019,0,GCSE,798,245,10.524055,1
3690,1249,2328,2328,02/07/2019,53.651203,53.651203,06/06/2019,0,GCSE,865,384,16.494844,1
3700,276,35473,35473,24/07/2019,.77805656,.77805656,20/05/2019,0,GCSE,0,276,.77805656,1
3700,276,35473,35473,24/07/2019,.77805656,.77805656,21/05/2019,0,GCSE,0,276,.77805656,1
3700,276,35473,35473,24/07/2019,.77805656,.77805656,22/05/2019,0,GCSE,0,276,.77805656,1
3700,276,35473,35473,24/07/2019,.77805656,.77805656,23/05/2019,0,GCSE,0,276,.77805656,1
3700,276,35473,35473,24/07/2019,.77805656,.77805656,24/05/2019,0,GCSE,0,276,.77805656,1
3700,276,35473,35473,24/07/2019,.77805656,.77805656,29/05/2019,0,GCSE,0,276,.77805656,1
3700,276,35473,35473,24/07/2019,.77805656,.77805656,30/05/2019,0,GCSE,0,276,.77805656,1
3700,276,35473,35473,24/07/2019,.77805656,.77805656,31/05/2019,0,GCSE,0,276,.77805656,1
3700,276,35473,35473,24/07/2019,.77805656,.77805656,03/06/2019,0,GCSE,0,276,.77805656,1
3700,276,35473,35473,24/07/2019,.77805656,.77805656,04/06/2019,0,GCSE,0,276,.77805656,1
3700,276,35473,35473,24/07/2019,.77805656,.77805656,05/06/2019,0,GCSE,0,276,.77805656,1
3700,276,35473,35473,24/07/2019,.77805656,.77805656,06/06/2019,0,GCSE,0,276,.77805656,1
5111,2,2,2,29/07/2019,100,100,20/05/2019,0,GCSE,0,2,100,1
5111,2,2,2,29/07/2019,100,100,21/05/2019,0,GCSE,0,2,100,1
5111,2,2,2,29/07/2019,100,100,22/05/2019,0,GCSE,0,2,100,1
5111,2,2,2,29/07/2019,100,100,23/05/2019,0,GCSE,0,2,100,1
5111,2,2,2,29/07/2019,100,100,24/05/2019,0,GCSE,0,2,100,1
5111,2,2,2,29/07/2019,100,100,29/05/2019,0,GCSE,0,2,100,1
5111,2,2,2,29/07/2019,100,100,30/05/2019,0,GCSE,0,2,100,1
5111,2,2,2,29/07/2019,100,100,31/05/2019,0,GCSE,0,2,100,1
5111,2,2,2,29/07/2019,100,100,03/06/2019,0,GCSE,0,2,100,1
5111,2,2,2,29/07/2019,100,100,04/06/2019,0,GCSE,0,2,100,1
5111,2,2,2,29/07/2019,100,100,05/06/2019,0,GCSE,0,2,100,1
5111,2,2,2,29/07/2019,100,100,06/06/2019,0,GCSE,0,2,100,1
5112,1,1,1,30/07/2019,100,100,20/05/2019,0,GCSE,0,1,100,1
5112,1,1,1,30/07/2019,100,100,21/05/2019,0,GCSE,0,1,100,1
5112,1,1,1,30/07/2019,100,100,22/05/2019,0,GCSE,0,1,100,1
5112,1,1,1,30/07/2019,100,100,23/05/2019,0,GCSE,0,1,100,1
5112,1,1,1,30/07/2019,100,100,24/05/2019,0,GCSE,0,1,100,1
5112,1,1,1,30/07/2019,100,100,29/05/2019,0,GCSE,0,1,100,1
5112,1,1,1,30/07/2019,100,100,30/05/2019,0,GCSE,0,1,100,1
5112,1,1,1,30/07/2019,100,100,31/05/2019,0,GCSE,0,1,100,1
5112,1,1,1,30/07/2019,100,100,03/06/2019,0,GCSE,0,1,100,1
5112,1,1,1,30/07/2019,100,100,04/06/2019,0,GCSE,0,1,100,1
5112,1,1,1,30/07/2019,100,100,05/06/2019,0,GCSE,0,1,100,1
5112,1,1,1,30/07/2019,100,100,06/06/2019,0,GCSE,0,1,100,1
5120,8,9,9,19/07/2019,88.888885,88.888885,20/05/2019,0,GCSE,0,8,88.888885,1
5120,8,9,9,19/07/2019,88.888885,88.888885,21/05/2019,0,GCSE,0,8,88.888885,1
5120,8,9,9,19/07/2019,88.888885,88.888885,22/05/2019,0,GCSE,0,8,88.888885,1
5120,8,9,9,19/07/2019,88.888885,88.888885,23/05/2019,0,GCSE,0,8,88.888885,1
5120,8,9,9,19/07/2019,88.888885,88.888885,24/05/2019,0,GCSE,0,8,88.888885,1
5120,8,9,9,19/07/2019,88.888885,88.888885,29/05/2019,0,GCSE,0,8,88.888885,1
5120,8,9,9,19/07/2019,88.888885,88.888885,30/05/2019,0,GCSE,0,8,88.888885,1
5120,8,9,9,19/07/2019,88.888885,88.888885,31/05/2019,0,GCSE,0,8,88.888885,1
5120,8,9,9,19/07/2019,88.888885,88.888885,03/06/2019,0,GCSE,0,8,88.888885,1
5120,8,9,9,19/07/2019,88.888885,88.888885,04/06/2019,0,GCSE,0,8,88.888885,1
5120,8,9,9,19/07/2019,88.888885,88.888885,05/06/2019,0,GCSE,0,8,88.888885,1
5120,8,9,9,19/07/2019,88.888885,88.888885,06/06/2019,0,GCSE,0,8,88.888885,1
5125,4,4,4,23/07/2019,100,100,20/05/2019,0,GCSE,0,4,100,1
5125,4,4,4,23/07/2019,100,100,21/05/2019,0,GCSE,0,4,100,1
5125,4,4,4,23/07/2019,100,100,22/05/2019,0,GCSE,0,4,100,1
5125,4,4,4,23/07/2019,100,100,23/05/2019,0,GCSE,0,4,100,1
5125,4,4,4,23/07/2019,100,100,24/05/2019,0,GCSE,0,4,100,1
5125,4,4,4,23/07/2019,100,100,29/05/2019,0,GCSE,0,4,100,1
5125,4,4,4,23/07/2019,100,100,30/05/2019,0,GCSE,0,4,100,1
5125,4,4,4,23/07/2019,100,100,31/05/2019,0,GCSE,0,4,100,1
5125,4,4,4,23/07/2019,100,100,03/06/2019,0,GCSE,0,4,100,1
5125,4,4,4,23/07/2019,100,100,04/06/2019,0,GCSE,0,4,100,1
5125,4,4,4,23/07/2019,100,100,05/06/2019,0,GCSE,0,4,100,1
5125,4,4,4,23/07/2019,100,100,06/06/2019,0,GCSE,0,4,100,1
5490,0,1159,1159,26/07/2019,0,0,20/05/2019,0,GCSE,0,0,0,1
5490,0,1159,1159,26/07/2019,0,0,21/05/2019,0,GCSE,0,0,0,1
5490,0,1159,1159,26/07/2019,0,0,22/05/2019,0,GCSE,0,0,0,1
5490,0,1159,1159,26/07/2019,0,0,23/05/2019,0,GCSE,0,0,0,1
5490,0,1159,1159,26/07/2019,0,0,24/05/2019,0,GCSE,0,0,0,1
5490,0,1159,1159,26/07/2019,0,0,29/05/2019,0,GCSE,0,0,0,1
5490,0,1159,1159,26/07/2019,0,0,30/05/2019,0,GCSE,0,0,0,1
5490,0,1159,1159,26/07/2019,0,0,31/05/2019,0,GCSE,0,0,0,1
5490,0,1159,1159,26/07/2019,0,0,03/06/2019,0,GCSE,0,0,0,1
5490,0,1159,1159,26/07/2019,0,0,04/06/2019,0,GCSE,0,0,0,1
5490,0,1159,1159,26/07/2019,0,0,05/06/2019,0,GCSE,0,0,0,1
5490,0,1159,1159,26/07/2019,0,0,06/06/2019,0,GCSE,0,0,0,1
5510,1,1,1,15/07/2019,100,100,20/05/2019,0,GCSE,0,1,100,1
5510,1,1,1,15/07/2019,100,100,21/05/2019,0,GCSE,0,1,100,1
5510,1,1,1,15/07/2019,100,100,22/05/2019,0,GCSE,0,1,100,1
5510,1,1,1,15/07/2019,100,100,23/05/2019,0,GCSE,0,1,100,1
5510,1,1,1,15/07/2019,100,100,24/05/2019,0,GCSE,0,1,100,1
5510,1,1,1,15/07/2019,100,100,29/05/2019,0,GCSE,0,1,100,1
5510,1,1,1,15/07/2019,100,100,30/05/2019,0,GCSE,0,1,100,1
5510,1,1,1,15/07/2019,100,100,31/05/2019,0,GCSE,0,1,100,1
5510,1,1,1,15/07/2019,100,100,03/06/2019,0,GCSE,0,1,100,1
5510,1,1,1,15/07/2019,100,100,04/06/2019,0,GCSE,0,1,100,1
5510,1,1,1,15/07/2019,100,100,05/06/2019,0,GCSE,0,1,100,1
5510,1,1,1,15/07/2019,100,100,06/06/2019,0,GCSE,0,1,100,1
5550,0,633,633,04/07/2019,0,0,20/05/2019,0,GCSE,0,0,0,1
5550,0,633,633,04/07/2019,0,0,21/05/2019,0,GCSE,0,0,0,1
5550,0,633,633,04/07/2019,0,0,22/05/2019,0,GCSE,0,0,0,1
5550,0,633,633,04/07/2019,0,0,23/05/2019,0,GCSE,0,0,0,1
5550,0,633,633,04/07/2019,0,0,24/05/2019,0,GCSE,17,-17,-2.6856241,1
5550,0,633,633,04/07/2019,0,0,29/05/2019,0,GCSE,100,-100,-15.797789,1
5550,0,633,633,04/07/2019,0,0,30/05/2019,0,GCSE,117,-117,-18.483412,1
5550,0,633,633,04/07/2019,0,0,31/05/2019,0,GCSE,133,-133,-21.011059,1
5550,94,633,633,04/07/2019,14.849921,14.849921,03/06/2019,0,GCSE,183,-89,-14.060032,1
5550,94,633,633,04/07/2019,14.849921,14.849921,04/06/2019,0,GCSE,200,-106,-16.745655,1
5550,94,633,633,04/07/2019,14.849921,14.849921,05/06/2019,0,GCSE,217,-123,-19.43128,1
5550,191,633,633,04/07/2019,30.173775,30.173775,06/06/2019,0,GCSE,233,-42,-6.6350713,1
5555,0,124,124,04/07/2019,0,0,20/05/2019,0,GCSE,0,0,0,1
5555,0,124,124,04/07/2019,0,0,21/05/2019,0,GCSE,0,0,0,1
5555,0,124,124,04/07/2019,0,0,22/05/2019,0,GCSE,0,0,0,1
5555,0,124,124,04/07/2019,0,0,23/05/2019,0,GCSE,0,0,0,1
5555,0,124,124,04/07/2019,0,0,24/05/2019,0,GCSE,0,0,0,1
5555,0,124,124,04/07/2019,0,0,29/05/2019,0,GCSE,17,-17,-13.709678,1
5555,0,124,124,04/07/2019,0,0,30/05/2019,0,GCSE,20,-20,-16.129032,1
5555,0,124,124,04/07/2019,0,0,31/05/2019,0,GCSE,23,-23,-18.548388,1
5555,120,124,124,04/07/2019,96.774193,96.774193,03/06/2019,0,GCSE,34,86,69.354836,1
5555,120,124,124,04/07/2019,96.774193,96.774193,04/06/2019,0,GCSE,37,83,66.935486,1
5555,120,124,124,04/07/2019,96.774193,96.774193,05/06/2019,0,GCSE,40,80,64.516129,1
5555,124,124,124,04/07/2019,100,100,06/06/2019,0,GCSE,44,80,64.516129,1
5560,0,14478,14478,22/07/2019,0,0,20/05/2019,0,GCSE,0,0,0,1
5560,0,14478,14478,22/07/2019,0,0,21/05/2019,0,GCSE,0,0,0,1
5560,0,14478,14478,22/07/2019,0,0,22/05/2019,0,GCSE,0,0,0,1
5560,0,14478,14478,22/07/2019,0,0,23/05/2019,0,GCSE,0,0,0,1
5560,0,14478,14478,22/07/2019,0,0,24/05/2019,0,GCSE,0,0,0,1
5560,0,14478,14478,22/07/2019,0,0,29/05/2019,0,GCSE,0,0,0,1
5560,0,14478,14478,22/07/2019,0,0,30/05/2019,0,GCSE,0,0,0,1
5560,0,14478,14478,22/07/2019,0,0,31/05/2019,0,GCSE,0,0,0,1
5560,0,14478,14478,22/07/2019,0,0,03/06/2019,0,GCSE,0,0,0,1
5560,0,14478,14478,22/07/2019,0,0,04/06/2019,0,GCSE,0,0,0,1
5560,0,14478,14478,22/07/2019,0,0,05/06/2019,0,GCSE,0,0,0,1
5560,0,14478,14478,22/07/2019,0,0,06/06/2019,0,GCSE,0,0,0,1
5600,2,8299,8299,20/07/2019,.024099289,.024099289,20/05/2019,0,GCSE,0,2,.024099289,1
5600,2,8299,8299,20/07/2019,.024099289,.024099289,21/05/2019,0,GCSE,0,2,.024099289,1
5600,2,8299,8299,20/07/2019,.024099289,.024099289,22/05/2019,0,GCSE,0,2,.024099289,1
5600,2,8299,8299,20/07/2019,.024099289,.024099289,23/05/2019,0,GCSE,0,2,.024099289,1
5600,2,8299,8299,20/07/2019,.024099289,.024099289,24/05/2019,0,GCSE,0,2,.024099289,1
5600,2,8299,8299,20/07/2019,.024099289,.024099289,29/05/2019,0,GCSE,0,2,.024099289,1
5600,2,8299,8299,20/07/2019,.024099289,.024099289,30/05/2019,0,GCSE,0,2,.024099289,1
5600,2,8299,8299,20/07/2019,.024099289,.024099289,31/05/2019,0,GCSE,0,2,.024099289,1
5600,2,8299,8299,20/07/2019,.024099289,.024099289,03/06/2019,0,GCSE,0,2,.024099289,1
5600,2,8299,8299,20/07/2019,.024099289,.024099289,04/06/2019,0,GCSE,0,2,.024099289,1
5600,2,8299,8299,20/07/2019,.024099289,.024099289,05/06/2019,0,GCSE,0,2,.024099289,1
5600,2,8299,8299,20/07/2019,.024099289,.024099289,06/06/2019,0,GCSE,0,2,.024099289,1
5650,19,106,106,10/07/2019,17.924528,17.924528,20/05/2019,0,GCSE,0,19,17.924528,1
5650,19,106,106,10/07/2019,17.924528,17.924528,21/05/2019,0,GCSE,0,19,17.924528,1
5650,19,106,106,10/07/2019,17.924528,17.924528,22/05/2019,0,GCSE,0,19,17.924528,1
5650,19,106,106,10/07/2019,17.924528,17.924528,23/05/2019,0,GCSE,2,17,16.037735,1
5650,106,106,106,10/07/2019,100,100,24/05/2019,0,GCSE,5,101,95.28302,1
5650,106,106,106,10/07/2019,100,100,29/05/2019,0,GCSE,16,90,84.905663,1
5650,106,106,106,10/07/2019,100,100,30/05/2019,0,GCSE,19,87,82.07547,1
5650,106,106,106,10/07/2019,100,100,31/05/2019,0,GCSE,21,85,80.188683,1
5650,106,106,106,10/07/2019,100,100,03/06/2019,0,GCSE,28,78,73.584908,1
5650,106,106,106,10/07/2019,100,100,04/06/2019,0,GCSE,31,75,70.754715,1
5650,106,106,106,10/07/2019,100,100,05/06/2019,0,GCSE,33,73,68.867928,1
5650,106,106,106,10/07/2019,100,100,06/06/2019,0,GCSE,35,71,66.981133,1
5651,61,61,61,10/07/2019,100,100,20/05/2019,0,GCSE,0,61,100,1
5651,61,61,61,10/07/2019,100,100,21/05/2019,0,GCSE,0,61,100,1
5651,61,61,61,10/07/2019,100,100,22/05/2019,0,GCSE,0,61,100,1
5651,61,61,61,10/07/2019,100,100,23/05/2019,0,GCSE,1,60,98.360657,1
5651,61,61,61,10/07/2019,100,100,24/05/2019,0,GCSE,3,58,95.08197,1
5651,61,61,61,10/07/2019,100,100,29/05/2019,0,GCSE,9,52,85.245903,1
5651,61,61,61,10/07/2019,100,100,30/05/2019,0,GCSE,11,50,81.967216,1
5651,61,61,61,10/07/2019,100,100,31/05/2019,0,GCSE,12,49,80.327866,1
5651,61,61,61,10/07/2019,100,100,03/06/2019,0,GCSE,16,45,73.770493,1
5651,61,61,61,10/07/2019,100,100,04/06/2019,0,GCSE,18,43,70.491806,1
5651,61,61,61,10/07/2019,100,100,05/06/2019,0,GCSE,19,42,68.852463,1
5651,61,61,61,10/07/2019,100,100,06/06/2019,0,GCSE,20,41,67.213112,1
5653,17,62,62,10/07/2019,27.419355,27.419355,20/05/2019,0,GCSE,0,17,27.419355,1
5653,17,62,62,10/07/2019,27.419355,27.419355,21/05/2019,0,GCSE,0,17,27.419355,1
5653,17,62,62,10/07/2019,27.419355,27.419355,22/05/2019,0,GCSE,0,17,27.419355,1
5653,17,62,62,10/07/2019,27.419355,27.419355,23/05/2019,0,GCSE,1,16,25.806452,1
5653,17,62,62,10/07/2019,27.419355,27.419355,24/05/2019,0,GCSE,3,14,22.580645,1
5653,62,62,62,10/07/2019,100,100,29/05/2019,0,GCSE,10,52,83.870964,1
5653,62,62,62,10/07/2019,100,100,30/05/2019,0,GCSE,11,51,82.258064,1
5653,62,62,62,10/07/2019,100,100,31/05/2019,0,GCSE,12,50,80.645164,1
5653,62,62,62,10/07/2019,100,100,03/06/2019,0,GCSE,17,45,72.580643,1
5653,62,62,62,10/07/2019,100,100,04/06/2019,0,GCSE,18,44,70.967743,1
5653,62,62,62,10/07/2019,100,100,05/06/2019,0,GCSE,19,43,69.354836,1
5653,62,62,62,10/07/2019,100,100,06/06/2019,0,GCSE,21,41,66.129036,1
5656,20,88,88,10/07/2019,22.727272,22.727272,20/05/2019,0,GCSE,0,20,22.727272,1
5656,20,88,88,10/07/2019,22.727272,22.727272,21/05/2019,0,GCSE,0,20,22.727272,1
5656,20,88,88,10/07/2019,22.727272,22.727272,22/05/2019,0,GCSE,0,20,22.727272,1
5656,20,88,88,10/07/2019,22.727272,22.727272,23/05/2019,0,GCSE,2,18,20.454546,1
5656,88,88,88,10/07/2019,100,100,24/05/2019,0,GCSE,4,84,95.454544,1
5656,88,88,88,10/07/2019,100,100,29/05/2019,0,GCSE,14,74,84.090912,1
5656,88,88,88,10/07/2019,100,100,30/05/2019,0,GCSE,16,72,81.818184,1
5656,88,88,88,10/07/2019,100,100,31/05/2019,0,GCSE,18,70,79.545456,1
5656,88,88,88,10/07/2019,100,100,03/06/2019,0,GCSE,23,65,73.86364,1
5656,88,88,88,10/07/2019,100,100,04/06/2019,0,GCSE,25,63,71.590912,1
5656,88,88,88,10/07/2019,100,100,05/06/2019,0,GCSE,27,61,69.318184,1
5656,88,88,88,10/07/2019,100,100,06/06/2019,0,GCSE,29,59,67.045456,1
5660,1,5419,5419,10/07/2019,.018453589,.018453589,20/05/2019,0,GCSE,0,1,.018453589,1
5660,1,5419,5419,10/07/2019,.018453589,.018453589,21/05/2019,0,GCSE,0,1,.018453589,1
5660,1,5419,5419,10/07/2019,.018453589,.018453589,22/05/2019,0,GCSE,0,1,.018453589,1
5660,1,5419,5419,10/07/2019,.018453589,.018453589,23/05/2019,0,GCSE,0,1,.018453589,1
5660,1,5419,5419,10/07/2019,.018453589,.018453589,24/05/2019,0,GCSE,0,1,.018453589,1
5660,1,5419,5419,10/07/2019,.018453589,.018453589,29/05/2019,0,GCSE,0,1,.018453589,1
5660,1,5419,5419,10/07/2019,.018453589,.018453589,30/05/2019,0,GCSE,0,1,.018453589,1
5660,1,5419,5419,10/07/2019,.018453589,.018453589,31/05/2019,0,GCSE,0,1,.018453589,1
5660,1,5419,5419,10/07/2019,.018453589,.018453589,03/06/2019,0,GCSE,0,1,.018453589,1
5660,1,5419,5419,10/07/2019,.018453589,.018453589,04/06/2019,0,GCSE,0,1,.018453589,1
5660,1,5419,5419,10/07/2019,.018453589,.018453589,05/06/2019,0,GCSE,0,1,.018453589,1
5660,1,5419,5419,10/07/2019,.018453589,.018453589,06/06/2019,0,GCSE,0,1,.018453589,1
5670,0,5039,5039,24/07/2019,0,0,20/05/2019,0,GCSE,0,0,0,1
5670,0,5039,5039,24/07/2019,0,0,21/05/2019,0,GCSE,0,0,0,1
5670,0,5039,5039,24/07/2019,0,0,22/05/2019,0,GCSE,0,0,0,1
5670,0,5039,5039,24/07/2019,0,0,23/05/2019,0,GCSE,0,0,0,1
5670,0,5039,5039,24/07/2019,0,0,24/05/2019,0,GCSE,0,0,0,1
5670,0,5039,5039,24/07/2019,0,0,29/05/2019,0,GCSE,0,0,0,1
5670,0,5039,5039,24/07/2019,0,0,30/05/2019,0,GCSE,0,0,0,1
5670,0,5039,5039,24/07/2019,0,0,31/05/2019,0,GCSE,0,0,0,1
5670,0,5039,5039,24/07/2019,0,0,03/06/2019,0,GCSE,0,0,0,1
5670,0,5039,5039,24/07/2019,0,0,04/06/2019,0,GCSE,0,0,0,1
5670,0,5039,5039,24/07/2019,0,0,05/06/2019,0,GCSE,0,0,0,1
5670,0,5039,5039,24/07/2019,0,0,06/06/2019,0,GCSE,0,0,0,1
5680,1,20430,20430,25/07/2019,.0048947628,.0048947628,20/05/2019,0,GCSE,0,1,.0048947628,1
5680,1,20430,20430,25/07/2019,.0048947628,.0048947628,21/05/2019,0,GCSE,0,1,.0048947628,1
5680,1,20430,20430,25/07/2019,.0048947628,.0048947628,22/05/2019,0,GCSE,0,1,.0048947628,1
5680,1,20430,20430,25/07/2019,.0048947628,.0048947628,23/05/2019,0,GCSE,0,1,.0048947628,1
5680,1,20430,20430,25/07/2019,.0048947628,.0048947628,24/05/2019,0,GCSE,0,1,.0048947628,1
5680,1,20430,20430,25/07/2019,.0048947628,.0048947628,29/05/2019,0,GCSE,0,1,.0048947628,1
5680,1,20430,20430,25/07/2019,.0048947628,.0048947628,30/05/2019,0,GCSE,0,1,.0048947628,1
5680,1,20430,20430,25/07/2019,.0048947628,.0048947628,31/05/2019,0,GCSE,0,1,.0048947628,1
5680,1,20430,20430,25/07/2019,.0048947628,.0048947628,03/06/2019,0,GCSE,0,1,.0048947628,1
5680,1,20430,20430,25/07/2019,.0048947628,.0048947628,04/06/2019,0,GCSE,0,1,.0048947628,1
5680,1,20430,20430,25/07/2019,.0048947628,.0048947628,05/06/2019,0,GCSE,0,1,.0048947628,1
5680,1,20430,20430,25/07/2019,.0048947628,.0048947628,06/06/2019,0,GCSE,0,1,.0048947628,1
5690,0,11184,11184,04/07/2019,0,0,20/05/2019,0,GCSE,0,0,0,1
5690,0,11184,11184,04/07/2019,0,0,21/05/2019,0,GCSE,0,0,0,1
5690,0,11184,11184,04/07/2019,0,0,22/05/2019,0,GCSE,0,0,0,1
5690,0,11184,11184,04/07/2019,0,0,23/05/2019,0,GCSE,0,0,0,1
5690,0,11184,11184,04/07/2019,0,0,24/05/2019,0,GCSE,0,0,0,1
5690,0,11184,11184,04/07/2019,0,0,29/05/2019,0,GCSE,658,-658,-5.8834047,1
5690,0,11184,11184,04/07/2019,0,0,30/05/2019,0,GCSE,987,-987,-8.8251076,1
5690,0,11184,11184,04/07/2019,0,0,31/05/2019,0,GCSE,1316,-1316,-11.766809,1
5690,484,11184,11184,04/07/2019,4.327611,4.327611,03/06/2019,0,GCSE,2303,-1819,-16.264307,1
5690,623,11184,11184,04/07/2019,5.5704579,5.5704579,04/06/2019,0,GCSE,2632,-2009,-17.963161,1
5690,1459,11184,11184,04/07/2019,13.045422,13.045422,05/06/2019,0,GCSE,2960,-1501,-13.420959,1
5690,1654,11184,11184,04/07/2019,14.788984,14.788984,06/06/2019,0,GCSE,3289,-1635,-14.619099,1
5720,1,1,1,30/07/2019,100,100,20/05/2019,0,GCSE,0,1,100,1
5720,1,1,1,30/07/2019,100,100,21/05/2019,0,GCSE,0,1,100,1
5720,1,1,1,30/07/2019,100,100,22/05/2019,0,GCSE,0,1,100,1
5720,1,1,1,30/07/2019,100,100,23/05/2019,0,GCSE,0,1,100,1
5720,1,1,1,30/07/2019,100,100,24/05/2019,0,GCSE,0,1,100,1
5720,1,1,1,30/07/2019,100,100,29/05/2019,0,GCSE,0,1,100,1
5720,1,1,1,30/07/2019,100,100,30/05/2019,0,GCSE,0,1,100,1
5720,1,1,1,30/07/2019,100,100,31/05/2019,0,GCSE,0,1,100,1
5720,1,1,1,30/07/2019,100,100,03/06/2019,0,GCSE,0,1,100,1
5720,1,1,1,30/07/2019,100,100,04/06/2019,0,GCSE,0,1,100,1
5720,1,1,1,30/07/2019,100,100,05/06/2019,0,GCSE,0,1,100,1
5720,1,1,1,30/07/2019,100,100,06/06/2019,0,GCSE,0,1,100,1
5800,2,2,2,26/06/2019,100,100,20/05/2019,0,GCSE,0,2,100,1
5800,2,2,2,26/06/2019,100,100,21/05/2019,0,GCSE,0,2,100,1
5800,2,2,2,26/06/2019,100,100,22/05/2019,0,GCSE,0,2,100,1
5800,2,2,2,26/06/2019,100,100,23/05/2019,0,GCSE,0,2,100,1
5800,2,2,2,26/06/2019,100,100,24/05/2019,0,GCSE,0,2,100,1
5800,2,2,2,26/06/2019,100,100,29/05/2019,0,GCSE,0,2,100,1
5800,2,2,2,26/06/2019,100,100,30/05/2019,0,GCSE,0,2,100,1
5800,2,2,2,26/06/2019,100,100,31/05/2019,0,GCSE,0,2,100,1
5800,2,2,2,26/06/2019,100,100,03/06/2019,0,GCSE,1,1,50,1
5800,2,2,2,26/06/2019,100,100,04/06/2019,0,GCSE,1,1,50,1
5800,2,2,2,26/06/2019,100,100,05/06/2019,0,GCSE,1,1,50,1
5800,2,2,2,26/06/2019,100,100,06/06/2019,0,GCSE,1,1,50,1
